Seed,Step,TextIndex,Dose,Residual,PolicyReward,SupportMeanPIER,BestSoFar,Model,Group,Method
4,1,37,1.0,0.08710152261446308,0.10802252360835433,0.4418927886982493,0.08710152261446308,Architectural Divergence (DeBERTa-MNLI),Low Redundancy,JointPairUCB
4,2,37,2.0,0.3854958530439623,0.02636079574807233,0.274655497902032,0.3854958530439623,Architectural Divergence (DeBERTa-MNLI),Low Redundancy,JointPairUCB
4,3,37,3.0,0.0162021560883141,0.038144141953717056,0.21144587267422982,0.3854958530439623,Architectural Divergence (DeBERTa-MNLI),Low Redundancy,JointPairUCB
4,4,37,4.0,0.25873696574639915,0.05675793347388325,0.2683764246124626,0.3854958530439623,Architectural Divergence (DeBERTa-MNLI),Low Redundancy,JointPairUCB
4,5,37,5.0,0.684829828825998,0.07398009635913252,0.22255267644636006,0.684829828825998,Architectural Divergence (DeBERTa-MNLI),Low Redundancy,JointPairUCB
4,6,37,6.0,0.6513530655189056,0.06760693457889014,0.24247938443218056,0.684829828825998,Architectural Divergence (DeBERTa-MNLI),Low Redundancy,JointPairUCB
4,7,37,7.0,0.5358058099862799,0.06916630310172465,0.3071162121297467,0.684829828825998,Architectural Divergence (DeBERTa-MNLI),Low Redundancy,JointPairUCB
4,8,37,8.0,0.12541217154215345,0.006412811920350062,0.14627685354165956,0.684829828825998,Architectural Divergence (DeBERTa-MNLI),Low Redundancy,JointPairUCB
4,9,37,9.0,0.332764908446017,0.022587238189987823,0.2504227079960494,0.684829828825998,Architectural Divergence (DeBERTa-MNLI),Low Redundancy,JointPairUCB
4,10,37,10.0,0.021107746303841157,0.044709033400742546,0.23926277219495828,0.684829828825998,Architectural Divergence (DeBERTa-MNLI),Low Redundancy,JointPairUCB
4,11,37,11.0,0.5324333629037503,0.007216843420948213,0.12441395515890245,0.684829828825998,Architectural Divergence (DeBERTa-MNLI),Low Redundancy,JointPairUCB
4,12,37,12.0,0.5091368530661075,0.016988845831273424,0.21529754378703697,0.684829828825998,Architectural Divergence (DeBERTa-MNLI),Low Redundancy,JointPairUCB
4,13,37,13.0,0.3139493153518769,0.04772233935132353,0.1941057475939561,0.684829828825998,Architectural Divergence (DeBERTa-MNLI),Low Redundancy,JointPairUCB
4,14,37,14.0,0.05980472902218126,0.08905394443489734,0.32977742218797557,0.684829828825998,Architectural Divergence (DeBERTa-MNLI),Low Redundancy,JointPairUCB
4,15,37,15.0,0.5286923365877355,0.01756676330964392,0.15890796261757667,0.684829828825998,Architectural Divergence (DeBERTa-MNLI),Low Redundancy,JointPairUCB
4,16,37,16.0,0.4858236381642568,0.003485469415010195,0.1945104782617569,0.684829828825998,Architectural Divergence (DeBERTa-MNLI),Low Redundancy,JointPairUCB
4,17,37,17.0,0.3979688417150097,0.016841225903865505,0.1526706915229897,0.684829828825998,Architectural Divergence (DeBERTa-MNLI),Low Redundancy,JointPairUCB
4,18,37,18.0,0.33611113385656766,0.004913203030257001,0.21002415057725915,0.684829828825998,Architectural Divergence (DeBERTa-MNLI),Low Redundancy,JointPairUCB
4,19,37,19.0,0.03746655835179413,0.05987381020830651,0.29969214273682876,0.684829828825998,Architectural Divergence (DeBERTa-MNLI),Low Redundancy,JointPairUCB
4,20,37,20.0,0.6128342775158269,0.05488711093667614,0.2623071556544499,0.684829828825998,Architectural Divergence (DeBERTa-MNLI),Low Redundancy,JointPairUCB
4,21,37,21.0,0.643846904417396,0.055901046441897154,0.12963076397375597,0.684829828825998,Architectural Divergence (DeBERTa-MNLI),Low Redundancy,JointPairUCB
4,22,37,22.0,0.27127367834497995,0.013462211666094653,0.15006841013263805,0.684829828825998,Architectural Divergence (DeBERTa-MNLI),Low Redundancy,JointPairUCB
4,23,37,23.0,0.28194189212912857,0.02962215018376374,0.17757510304994037,0.684829828825998,Architectural Divergence (DeBERTa-MNLI),Low Redundancy,JointPairUCB
4,24,37,24.0,0.0046254099786566805,0.053112115424756044,0.24699284985500586,0.684829828825998,Architectural Divergence (DeBERTa-MNLI),Low Redundancy,JointPairUCB
4,25,37,25.0,0.06256357641152888,0.04702965529953861,0.1940242176565224,0.684829828825998,Architectural Divergence (DeBERTa-MNLI),Low Redundancy,JointPairUCB
4,26,37,26.0,0.6305448332865261,0.06682269757514891,0.20395185170449093,0.684829828825998,Architectural Divergence (DeBERTa-MNLI),Low Redundancy,JointPairUCB
4,27,37,27.0,0.16885149926000909,0.01645115974039474,0.2504081097154307,0.684829828825998,Architectural Divergence (DeBERTa-MNLI),Low Redundancy,JointPairUCB
4,28,37,28.0,0.08277950103325238,0.004167984822319101,0.20255551956271017,0.684829828825998,Architectural Divergence (DeBERTa-MNLI),Low Redundancy,JointPairUCB
4,29,37,29.0,0.6610812712598828,0.0906523019846788,0.3040617413377694,0.684829828825998,Architectural Divergence (DeBERTa-MNLI),Low Redundancy,JointPairUCB
4,30,37,30.0,0.4370599156508652,0.006150725621216074,0.1285975363480299,0.684829828825998,Architectural Divergence (DeBERTa-MNLI),Low Redundancy,JointPairUCB
4,31,37,31.0,0.41863700332093534,0.025724266103216865,0.19638255346704706,0.684829828825998,Architectural Divergence (DeBERTa-MNLI),Low Redundancy,JointPairUCB
4,32,37,32.0,0.37961391423435153,0.05559121013330809,0.23237571670104679,0.684829828825998,Architectural Divergence (DeBERTa-MNLI),Low Redundancy,JointPairUCB
4,33,37,33.0,0.2382585851759571,0.01286611294941492,0.1450054495548502,0.684829828825998,Architectural Divergence (DeBERTa-MNLI),Low Redundancy,JointPairUCB
4,34,37,34.0,0.05467266076454469,0.06956257548239703,0.2851781511582499,0.684829828825998,Architectural Divergence (DeBERTa-MNLI),Low Redundancy,JointPairUCB
4,35,37,35.0,0.15155591786082157,0.01133531707924218,0.2825162714856221,0.684829828825998,Architectural Divergence (DeBERTa-MNLI),Low Redundancy,JointPairUCB
4,36,37,1.0,0.08710152261446308,0.036688935890974536,0.2151131529379986,0.684829828825998,Architectural Divergence (DeBERTa-MNLI),Low Redundancy,JointPairUCB
4,37,37,36.0,0.6309118519155643,0.05220117819668012,0.237020283162288,0.684829828825998,Architectural Divergence (DeBERTa-MNLI),Low Redundancy,JointPairUCB
4,38,37,37.0,0.5188010741033018,0.04199200871535783,0.2317758384164188,0.684829828825998,Architectural Divergence (DeBERTa-MNLI),Low Redundancy,JointPairUCB
4,39,37,29.0,0.6610812712598828,0.08377656935725376,0.19891735134636046,0.684829828825998,Architectural Divergence (DeBERTa-MNLI),Low Redundancy,JointPairUCB
4,40,37,14.0,0.05980472902218126,0.013418056933928604,0.1646103216347495,0.684829828825998,Architectural Divergence (DeBERTa-MNLI),Low Redundancy,JointPairUCB
4,41,37,5.0,0.684829828825998,0.08207862967284162,0.2634378158220194,0.684829828825998,Architectural Divergence (DeBERTa-MNLI),Low Redundancy,JointPairUCB
4,42,37,34.0,0.05467266076454469,0.012586677047732201,0.1630950850383276,0.684829828825998,Architectural Divergence (DeBERTa-MNLI),Low Redundancy,JointPairUCB
4,43,37,7.0,0.5358058099862799,0.050370619942911324,0.3340198199405267,0.684829828825998,Architectural Divergence (DeBERTa-MNLI),Low Redundancy,JointPairUCB
4,44,37,6.0,0.6513530655189056,0.06308099690708643,0.25590587909250156,0.684829828825998,Architectural Divergence (DeBERTa-MNLI),Low Redundancy,JointPairUCB
4,45,37,26.0,0.6305448332865261,0.06784555397742639,0.19529718522139694,0.684829828825998,Architectural Divergence (DeBERTa-MNLI),Low Redundancy,JointPairUCB
4,46,37,19.0,0.03746655835179413,0.013152893783680897,0.16693123853185587,0.684829828825998,Architectural Divergence (DeBERTa-MNLI),Low Redundancy,JointPairUCB
4,47,37,4.0,0.25873696574639915,0.09160104156963064,0.3400826713210633,0.684829828825998,Architectural Divergence (DeBERTa-MNLI),Low Redundancy,JointPairUCB
4,48,37,21.0,0.643846904417396,0.05849529532116059,0.15117428868406008,0.684829828825998,Architectural Divergence (DeBERTa-MNLI),Low Redundancy,JointPairUCB
4,49,37,32.0,0.37961391423435153,0.014465148388451827,0.21456817516955792,0.684829828825998,Architectural Divergence (DeBERTa-MNLI),Low Redundancy,JointPairUCB
4,50,37,20.0,0.6128342775158269,0.05408807197746265,0.2820352825131497,0.684829828825998,Architectural Divergence (DeBERTa-MNLI),Low Redundancy,JointPairUCB
4,51,37,24.0,0.0046254099786566805,0.08017694388613276,0.29066740546242026,0.684829828825998,Architectural Divergence (DeBERTa-MNLI),Low Redundancy,JointPairUCB
4,52,37,36.0,0.6309118519155643,0.05430134558339267,0.1399771157954132,0.684829828825998,Architectural Divergence (DeBERTa-MNLI),Low Redundancy,JointPairUCB
4,53,37,13.0,0.3139493153518769,0.007706477516219609,0.15721037375396302,0.684829828825998,Architectural Divergence (DeBERTa-MNLI),Low Redundancy,JointPairUCB
4,54,37,25.0,0.06256357641152888,0.022605382994398657,0.16237111396227918,0.684829828825998,Architectural Divergence (DeBERTa-MNLI),Low Redundancy,JointPairUCB
4,55,37,10.0,0.021107746303841157,0.08062680948252589,0.28875379871739737,0.684829828825998,Architectural Divergence (DeBERTa-MNLI),Low Redundancy,JointPairUCB
4,56,37,37.0,0.5188010741033018,0.0016985138009557948,0.2030335665873982,0.684829828825998,Architectural Divergence (DeBERTa-MNLI),Low Redundancy,JointPairUCB
4,57,37,3.0,0.0162021560883141,0.04664317718201141,0.23399872698638086,0.684829828825998,Architectural Divergence (DeBERTa-MNLI),Low Redundancy,JointPairUCB
4,58,37,23.0,0.28194189212912857,0.029670439939998433,0.1551033705707442,0.684829828825998,Architectural Divergence (DeBERTa-MNLI),Low Redundancy,JointPairUCB
4,59,37,2.0,0.3854958530439623,0.06855969248018304,0.28776641535183056,0.684829828825998,Architectural Divergence (DeBERTa-MNLI),Low Redundancy,JointPairUCB
4,60,37,31.0,0.41863700332093534,0.014134228730348817,0.16579025768021824,0.684829828825998,Architectural Divergence (DeBERTa-MNLI),Low Redundancy,JointPairUCB
4,61,37,9.0,0.332764908446017,0.0006624093942642961,0.20341666536675307,0.684829828825998,Architectural Divergence (DeBERTa-MNLI),Low Redundancy,JointPairUCB
4,62,37,15.0,0.5286923365877355,0.02582105131673799,0.1816056199162799,0.684829828825998,Architectural Divergence (DeBERTa-MNLI),Low Redundancy,JointPairUCB
4,63,37,12.0,0.5091368530661075,0.06350005284351883,0.3685548428718346,0.684829828825998,Architectural Divergence (DeBERTa-MNLI),Low Redundancy,JointPairUCB
4,64,37,17.0,0.3979688417150097,0.05965306787468072,0.28042292846051814,0.684829828825998,Architectural Divergence (DeBERTa-MNLI),Low Redundancy,JointPairUCB
4,65,37,27.0,0.16885149926000909,0.022198789217668546,0.16860481818443923,0.684829828825998,Architectural Divergence (DeBERTa-MNLI),Low Redundancy,JointPairUCB
4,66,37,22.0,0.27127367834497995,0.009139106720610034,0.14964165553475461,0.684829828825998,Architectural Divergence (DeBERTa-MNLI),Low Redundancy,JointPairUCB
4,67,37,33.0,0.2382585851759571,0.05262306663012038,0.20534018697771797,0.684829828825998,Architectural Divergence (DeBERTa-MNLI),Low Redundancy,JointPairUCB
4,68,37,35.0,0.15155591786082157,0.022201064422313045,0.2266839693040344,0.684829828825998,Architectural Divergence (DeBERTa-MNLI),Low Redundancy,JointPairUCB
4,69,37,11.0,0.5324333629037503,0.033711310913229285,0.18253634930061818,0.684829828825998,Architectural Divergence (DeBERTa-MNLI),Low Redundancy,JointPairUCB
4,70,37,8.0,0.12541217154215345,0.0,0.17432355303876218,0.684829828825998,Architectural Divergence (DeBERTa-MNLI),Low Redundancy,JointPairUCB
4,71,37,30.0,0.4370599156508652,0.02818412976521905,0.27120370292446044,0.684829828825998,Architectural Divergence (DeBERTa-MNLI),Low Redundancy,JointPairUCB
4,72,37,18.0,0.33611113385656766,0.05416899148903529,0.264250421235162,0.684829828825998,Architectural Divergence (DeBERTa-MNLI),Low Redundancy,JointPairUCB
4,73,37,28.0,0.08277950103325238,0.01601677673762062,0.1530792623762797,0.684829828825998,Architectural Divergence (DeBERTa-MNLI),Low Redundancy,JointPairUCB
4,74,37,16.0,0.4858236381642568,0.04352819751324051,0.29454146061235786,0.684829828825998,Architectural Divergence (DeBERTa-MNLI),Low Redundancy,JointPairUCB
4,75,37,38.0,0.12138302147277646,0.05572687827504208,0.2562740520586983,0.684829828825998,Architectural Divergence (DeBERTa-MNLI),Low Redundancy,JointPairUCB
4,76,37,38.0,0.12138302147277646,0.01341445244412883,0.1396724472490975,0.684829828825998,Architectural Divergence (DeBERTa-MNLI),Low Redundancy,JointPairUCB
4,77,37,39.0,0.41023294914928515,0.031268398915707894,0.2224658944988608,0.684829828825998,Architectural Divergence (DeBERTa-MNLI),Low Redundancy,JointPairUCB
4,78,37,39.0,0.41023294914928515,0.036815899428445285,0.2909910691252935,0.684829828825998,Architectural Divergence (DeBERTa-MNLI),Low Redundancy,JointPairUCB
4,79,10,1.0,0.6141725864438002,0.1840501766153933,0.5361768074114294,0.684829828825998,Architectural Divergence (DeBERTa-MNLI),Low Redundancy,JointPairUCB
4,80,10,1.0,0.6141725864438002,0.17363312628222027,0.46394877557996256,0.684829828825998,Architectural Divergence (DeBERTa-MNLI),Low Redundancy,JointPairUCB
4,81,10,2.0,0.6112067203420819,0.07010321900919138,0.2633093384193378,0.684829828825998,Architectural Divergence (DeBERTa-MNLI),Low Redundancy,JointPairUCB
4,82,10,2.0,0.6112067203420819,0.06741099858591781,0.2907252711656709,0.684829828825998,Architectural Divergence (DeBERTa-MNLI),Low Redundancy,JointPairUCB
4,83,10,3.0,0.5313055326863503,0.07347771247228899,0.28551922856832707,0.684829828825998,Architectural Divergence (DeBERTa-MNLI),Low Redundancy,JointPairUCB
4,84,10,3.0,0.5313055326863503,0.053199743712787,0.2658276604487767,0.684829828825998,Architectural Divergence (DeBERTa-MNLI),Low Redundancy,JointPairUCB
4,85,10,4.0,0.6215659880147235,0.12400760536383074,0.35123357771986113,0.684829828825998,Architectural Divergence (DeBERTa-MNLI),Low Redundancy,JointPairUCB
4,86,10,4.0,0.6215659880147235,0.08206729738236845,0.29074367184014266,0.684829828825998,Architectural Divergence (DeBERTa-MNLI),Low Redundancy,JointPairUCB
4,87,10,5.0,0.5377412489339852,0.03440283953841161,0.19473565911315852,0.684829828825998,Architectural Divergence (DeBERTa-MNLI),Low Redundancy,JointPairUCB
4,88,10,5.0,0.5377412489339852,0.005079991909844156,0.10518034509483865,0.684829828825998,Architectural Divergence (DeBERTa-MNLI),Low Redundancy,JointPairUCB
4,89,10,6.0,0.5079523286856475,0.012627651430306443,0.17972611131544583,0.684829828825998,Architectural Divergence (DeBERTa-MNLI),Low Redundancy,JointPairUCB
4,90,10,6.0,0.5079523286856475,0.014520155808411867,0.1565845142611215,0.684829828825998,Architectural Divergence (DeBERTa-MNLI),Low Redundancy,JointPairUCB
4,91,10,7.0,0.38975951709189566,0.005639355033392482,0.11969716567903968,0.684829828825998,Architectural Divergence (DeBERTa-MNLI),Low Redundancy,JointPairUCB
4,92,10,7.0,0.38975951709189566,0.008447670480965536,0.19119456467240534,0.684829828825998,Architectural Divergence (DeBERTa-MNLI),Low Redundancy,JointPairUCB
4,93,10,8.0,0.3974448600744209,0.01715201879417566,0.17958559479506742,0.684829828825998,Architectural Divergence (DeBERTa-MNLI),Low Redundancy,JointPairUCB
4,94,10,8.0,0.3974448600744209,0.007146166206277951,0.14729649269223297,0.684829828825998,Architectural Divergence (DeBERTa-MNLI),Low Redundancy,JointPairUCB
4,95,10,9.0,0.5733181316401803,0.06838809845457919,0.3013553936611878,0.684829828825998,Architectural Divergence (DeBERTa-MNLI),Low Redundancy,JointPairUCB
4,96,10,9.0,0.5733181316401803,0.05698726530590929,0.26964785020609294,0.684829828825998,Architectural Divergence (DeBERTa-MNLI),Low Redundancy,JointPairUCB
4,97,10,10.0,0.3309108383197942,0.10266462115078037,0.3666561240143479,0.684829828825998,Architectural Divergence (DeBERTa-MNLI),Low Redundancy,JointPairUCB
4,98,10,10.0,0.3309108383197942,0.07949038169774213,0.29585313395817003,0.684829828825998,Architectural Divergence (DeBERTa-MNLI),Low Redundancy,JointPairUCB
4,99,10,11.0,0.46529223765988986,0.07679112444803153,0.3071304369752765,0.684829828825998,Architectural Divergence (DeBERTa-MNLI),Low Redundancy,JointPairUCB
4,100,10,11.0,0.46529223765988986,0.006173146708064836,0.2004943028939578,0.684829828825998,Architectural Divergence (DeBERTa-MNLI),Low Redundancy,JointPairUCB
4,101,10,12.0,0.4616287187238985,2.4710780260370212e-05,0.1888515287992475,0.684829828825998,Architectural Divergence (DeBERTa-MNLI),Low Redundancy,JointPairUCB
4,102,10,12.0,0.4616287187238985,0.017013556611533795,0.15265784448103295,0.684829828825998,Architectural Divergence (DeBERTa-MNLI),Low Redundancy,JointPairUCB
4,103,10,13.0,0.3148119591957955,0.04047453972845181,0.19880868744466484,0.684829828825998,Architectural Divergence (DeBERTa-MNLI),Low Redundancy,JointPairUCB
4,104,10,13.0,0.3148119591957955,0.044983986246097285,0.20027774139402826,0.684829828825998,Architectural Divergence (DeBERTa-MNLI),Low Redundancy,JointPairUCB
4,105,10,14.0,0.4438714981482612,0.05591609901472886,0.23091237965886338,0.684829828825998,Architectural Divergence (DeBERTa-MNLI),Low Redundancy,JointPairUCB
4,106,10,14.0,0.4438714981482612,0.05669299597091278,0.30737253533456604,0.684829828825998,Architectural Divergence (DeBERTa-MNLI),Low Redundancy,JointPairUCB
4,107,10,15.0,0.5560094553126051,0.04035262776570013,0.21802488309312684,0.684829828825998,Architectural Divergence (DeBERTa-MNLI),Low Redundancy,JointPairUCB
4,108,10,15.0,0.5560094553126051,0.0006159679033035965,0.20357716821505675,0.684829828825998,Architectural Divergence (DeBERTa-MNLI),Low Redundancy,JointPairUCB
4,109,10,16.0,0.3827745751956555,0.0002499612593387268,0.12166058746437577,0.684829828825998,Architectural Divergence (DeBERTa-MNLI),Low Redundancy,JointPairUCB
4,110,10,16.0,0.3827745751956555,0.04992367029049777,0.26341558432553336,0.684829828825998,Architectural Divergence (DeBERTa-MNLI),Low Redundancy,JointPairUCB
4,111,10,17.0,0.45604726336480456,0.07572161128762125,0.2880744414399268,0.684829828825998,Architectural Divergence (DeBERTa-MNLI),Low Redundancy,JointPairUCB
4,112,10,17.0,0.45604726336480456,0.030914168062588475,0.18451528950176663,0.684829828825998,Architectural Divergence (DeBERTa-MNLI),Low Redundancy,JointPairUCB
4,113,10,18.0,0.47429915710296405,0.04500060696615309,0.24660641371498437,0.684829828825998,Architectural Divergence (DeBERTa-MNLI),Low Redundancy,JointPairUCB
4,114,10,18.0,0.47429915710296405,0.046835672684329324,0.22568825796529887,0.684829828825998,Architectural Divergence (DeBERTa-MNLI),Low Redundancy,JointPairUCB
4,115,10,19.0,0.11530524337538539,0.03777755797902481,0.18532063641462132,0.684829828825998,Architectural Divergence (DeBERTa-MNLI),Low Redundancy,JointPairUCB
4,116,10,19.0,0.11530524337538539,0.07205098709933173,0.3042172372793829,0.684829828825998,Architectural Divergence (DeBERTa-MNLI),Low Redundancy,JointPairUCB
4,117,10,20.0,0.5123650506283117,0.03633221067289208,0.3149727703094004,0.684829828825998,Architectural Divergence (DeBERTa-MNLI),Low Redundancy,JointPairUCB
4,118,10,20.0,0.5123650506283117,0.008012339166123334,0.1538017983035492,0.684829828825998,Architectural Divergence (DeBERTa-MNLI),Low Redundancy,JointPairUCB
4,119,10,21.0,0.6001250669163889,0.020191378635335645,0.12096393287839864,0.684829828825998,Architectural Divergence (DeBERTa-MNLI),Low Redundancy,JointPairUCB
4,120,10,21.0,0.6001250669163889,0.028856775775561283,0.2597636972901133,0.684829828825998,Architectural Divergence (DeBERTa-MNLI),Low Redundancy,JointPairUCB
4,121,10,22.0,0.4846264678294616,0.03712343512859928,0.23117960024750306,0.684829828825998,Architectural Divergence (DeBERTa-MNLI),Low Redundancy,JointPairUCB
4,122,10,22.0,0.4846264678294616,0.05972475351530397,0.2689787068724973,0.684829828825998,Architectural Divergence (DeBERTa-MNLI),Low Redundancy,JointPairUCB
4,123,10,23.0,0.5144122993051305,0.06988561705686355,0.26905420356612025,0.684829828825998,Architectural Divergence (DeBERTa-MNLI),Low Redundancy,JointPairUCB
4,124,10,23.0,0.5144122993051305,0.06993390681309823,0.3109236071557426,0.684829828825998,Architectural Divergence (DeBERTa-MNLI),Low Redundancy,JointPairUCB
4,125,10,24.0,0.08002742951166425,0.02025272694103517,0.15690205213220038,0.684829828825998,Architectural Divergence (DeBERTa-MNLI),Low Redundancy,JointPairUCB
4,126,10,24.0,0.08002742951166425,0.05597645460066838,0.20658597167317438,0.684829828825998,Architectural Divergence (DeBERTa-MNLI),Low Redundancy,JointPairUCB
4,127,10,25.0,0.4483243069918202,0.020195217821681904,0.14306532420822082,0.684829828825998,Architectural Divergence (DeBERTa-MNLI),Low Redundancy,JointPairUCB
4,128,10,25.0,0.4483243069918202,0.04963163645105136,0.2052056107660885,0.684829828825998,Architectural Divergence (DeBERTa-MNLI),Low Redundancy,JointPairUCB
4,129,10,26.0,0.6712783503712103,0.10994807509588723,0.28382276662339095,0.684829828825998,Architectural Divergence (DeBERTa-MNLI),Low Redundancy,JointPairUCB
4,130,10,26.0,0.6712783503712103,0.0666596462061928,0.23007456907625431,0.684829828825998,Architectural Divergence (DeBERTa-MNLI),Low Redundancy,JointPairUCB
4,131,10,27.0,0.5139788384242028,0.003844207216573281,0.10870460090846643,0.684829828825998,Architectural Divergence (DeBERTa-MNLI),Low Redundancy,JointPairUCB
4,132,10,27.0,0.5139788384242028,0.011615283766001705,0.15441534212588298,0.684829828825998,Architectural Divergence (DeBERTa-MNLI),Low Redundancy,JointPairUCB
4,133,10,28.0,0.34932751624572944,0.04662177483150624,0.22512143260608858,0.684829828825998,Architectural Divergence (DeBERTa-MNLI),Low Redundancy,JointPairUCB
4,134,10,28.0,0.34932751624572944,0.01601677673762062,0.15458517712052336,0.684829828825998,Architectural Divergence (DeBERTa-MNLI),Low Redundancy,JointPairUCB
4,135,10,29.0,0.5335759943221656,0.04462856770435562,0.2493321070972138,0.684829828825998,Architectural Divergence (DeBERTa-MNLI),Low Redundancy,JointPairUCB
4,136,10,29.0,0.5335759943221656,0.0010776333639231695,0.10278378542685802,0.684829828825998,Architectural Divergence (DeBERTa-MNLI),Low Redundancy,JointPairUCB
4,137,10,30.0,0.5330345286392675,0.029497368259009827,0.20102348718246016,0.684829828825998,Architectural Divergence (DeBERTa-MNLI),Low Redundancy,JointPairUCB
4,138,10,30.0,0.5330345286392675,0.05777850743720213,0.23565849139318146,0.684829828825998,Architectural Divergence (DeBERTa-MNLI),Low Redundancy,JointPairUCB
4,139,10,31.0,0.4131835900328773,0.04577516439212141,0.25538252543166345,0.684829828825998,Architectural Divergence (DeBERTa-MNLI),Low Redundancy,JointPairUCB
4,140,10,31.0,0.4131835900328773,0.026841495752199816,0.2118563304671687,0.684829828825998,Architectural Divergence (DeBERTa-MNLI),Low Redundancy,JointPairUCB
4,141,10,32.0,0.6147879847171587,0.06885339104493979,0.24506120691754968,0.684829828825998,Architectural Divergence (DeBERTa-MNLI),Low Redundancy,JointPairUCB
4,142,10,32.0,0.6147879847171587,0.10655998057116492,0.30298372300827753,0.684829828825998,Architectural Divergence (DeBERTa-MNLI),Low Redundancy,JointPairUCB
4,143,10,33.0,0.45319126981793684,0.08314148170028135,0.32924596720076726,0.684829828825998,Architectural Divergence (DeBERTa-MNLI),Low Redundancy,JointPairUCB
4,144,10,33.0,0.45319126981793684,0.05461053510350432,0.22753373516738354,0.684829828825998,Architectural Divergence (DeBERTa-MNLI),Low Redundancy,JointPairUCB
4,145,10,34.0,0.2622068007986934,0.012586677047732201,0.14099210856488956,0.684829828825998,Architectural Divergence (DeBERTa-MNLI),Low Redundancy,JointPairUCB
4,146,10,34.0,0.2622068007986934,0.0006125938158816263,0.1279191019848402,0.684829828825998,Architectural Divergence (DeBERTa-MNLI),Low Redundancy,JointPairUCB
4,147,10,35.0,0.4979733321922744,0.08496289164361776,0.2993764195511348,0.684829828825998,Architectural Divergence (DeBERTa-MNLI),Low Redundancy,JointPairUCB
4,148,10,35.0,0.4979733321922744,0.03231592397290165,0.1907978496405976,0.684829828825998,Architectural Divergence (DeBERTa-MNLI),Low Redundancy,JointPairUCB
4,149,10,36.0,0.6182174648271515,0.04855643114463869,0.27028754751435013,0.684829828825998,Architectural Divergence (DeBERTa-MNLI),Low Redundancy,JointPairUCB
4,150,10,36.0,0.6182174648271515,0.057849945077345165,0.21281485587304064,0.684829828825998,Architectural Divergence (DeBERTa-MNLI),Low Redundancy,JointPairUCB
4,151,10,37.0,0.532287616163073,0.057047911517043894,0.26375236586430695,0.684829828825998,Architectural Divergence (DeBERTa-MNLI),Low Redundancy,JointPairUCB
4,152,10,37.0,0.532287616163073,0.018457414730820673,0.15266948034114575,0.684829828825998,Architectural Divergence (DeBERTa-MNLI),Low Redundancy,JointPairUCB
4,153,10,38.0,0.05003033040476007,0.023249746354852996,0.1549071912938064,0.684829828825998,Architectural Divergence (DeBERTa-MNLI),Low Redundancy,JointPairUCB
4,154,10,38.0,0.05003033040476007,0.09621305615017242,0.33929313418795565,0.684829828825998,Architectural Divergence (DeBERTa-MNLI),Low Redundancy,JointPairUCB
4,155,10,39.0,0.6163752053200391,0.02919527883930728,0.1337333965892285,0.684829828825998,Architectural Divergence (DeBERTa-MNLI),Low Redundancy,JointPairUCB
4,156,10,39.0,0.6163752053200391,0.03779500220369675,0.17177260014776524,0.684829828825998,Architectural Divergence (DeBERTa-MNLI),Low Redundancy,JointPairUCB
4,157,10,1.0,0.6141725864438002,0.1210252517217397,0.3911632229965439,0.684829828825998,Architectural Divergence (DeBERTa-MNLI),Low Redundancy,JointPairUCB
4,158,49,1.0,0.16618605482002308,0.03289061111406327,0.2386467991340168,0.684829828825998,Architectural Divergence (DeBERTa-MNLI),Low Redundancy,JointPairUCB
4,159,49,1.0,0.16618605482002308,0.0925607526511933,0.32371745948068426,0.684829828825998,Architectural Divergence (DeBERTa-MNLI),Low Redundancy,JointPairUCB
4,160,49,2.0,0.05553147918294776,0.027689154386396575,0.18105497152328193,0.684829828825998,Architectural Divergence (DeBERTa-MNLI),Low Redundancy,JointPairUCB
4,161,49,2.0,0.05553147918294776,0.03691053777478352,0.20974998161682082,0.684829828825998,Architectural Divergence (DeBERTa-MNLI),Low Redundancy,JointPairUCB
4,162,49,3.0,0.20504056643594226,0.06492931225572214,0.2898334621951893,0.684829828825998,Architectural Divergence (DeBERTa-MNLI),Low Redundancy,JointPairUCB
4,163,49,3.0,0.20504056643594226,0.01971494003980919,0.22753215870357613,0.684829828825998,Architectural Divergence (DeBERTa-MNLI),Low Redundancy,JointPairUCB
4,164,49,4.0,0.041885344702020766,0.1295476912089319,0.4416817688204627,0.684829828825998,Architectural Divergence (DeBERTa-MNLI),Low Redundancy,JointPairUCB
4,165,49,4.0,0.041885344702020766,0.024119797873379107,0.17854954484898072,0.684829828825998,Architectural Divergence (DeBERTa-MNLI),Low Redundancy,JointPairUCB
4,166,49,5.0,0.010904618375308761,0.01688494841732426,0.247927867105951,0.684829828825998,Architectural Divergence (DeBERTa-MNLI),Low Redundancy,JointPairUCB
4,167,49,5.0,0.010904618375308761,0.03279929897316111,0.28801573629811356,0.684829828825998,Architectural Divergence (DeBERTa-MNLI),Low Redundancy,JointPairUCB
4,168,49,6.0,0.09963617076099351,0.048404793292408634,0.23119838827337252,0.684829828825998,Architectural Divergence (DeBERTa-MNLI),Low Redundancy,JointPairUCB
4,169,49,6.0,0.09963617076099351,0.015847285787997968,0.23476242614081716,0.684829828825998,Architectural Divergence (DeBERTa-MNLI),Low Redundancy,JointPairUCB
4,170,49,7.0,0.1702054969158312,0.05968430158925129,0.2996916517969466,0.684829828825998,Architectural Divergence (DeBERTa-MNLI),Low Redundancy,JointPairUCB
4,171,49,7.0,0.1702054969158312,0.05317893539048437,0.3868528990651191,0.684829828825998,Architectural Divergence (DeBERTa-MNLI),Low Redundancy,JointPairUCB
4,172,49,8.0,0.1651074340024733,0.04393051959977038,0.27912667654843926,0.684829828825998,Architectural Divergence (DeBERTa-MNLI),Low Redundancy,JointPairUCB
4,173,49,8.0,0.1651074340024733,0.03751770767942032,0.1952667426406755,0.684829828825998,Architectural Divergence (DeBERTa-MNLI),Low Redundancy,JointPairUCB
4,174,49,9.0,0.09780277776983026,0.040541213084147786,0.35467804396635694,0.684829828825998,Architectural Divergence (DeBERTa-MNLI),Low Redundancy,JointPairUCB
4,175,49,9.0,0.09780277776983026,0.04120362247841208,0.2186473092650421,0.684829828825998,Architectural Divergence (DeBERTa-MNLI),Low Redundancy,JointPairUCB
4,176,49,10.0,0.08198946614736158,0.07588229989163028,0.35364253815312063,0.684829828825998,Architectural Divergence (DeBERTa-MNLI),Low Redundancy,JointPairUCB
4,177,49,10.0,0.08198946614736158,0.006371768314372553,0.09882392368199477,0.684829828825998,Architectural Divergence (DeBERTa-MNLI),Low Redundancy,JointPairUCB
4,178,49,11.0,0.1149050270137737,0.07574742773514816,0.3302360425988168,0.684829828825998,Architectural Divergence (DeBERTa-MNLI),Low Redundancy,JointPairUCB
4,179,49,11.0,0.1149050270137737,0.01456033628047566,0.21351323065951516,0.684829828825998,Architectural Divergence (DeBERTa-MNLI),Low Redundancy,JointPairUCB
4,180,49,12.0,0.011220093630031291,0.04195589510499904,0.22407619647010382,0.684829828825998,Architectural Divergence (DeBERTa-MNLI),Low Redundancy,JointPairUCB
4,181,49,12.0,0.011220093630031291,0.08913513406893032,0.4292799073158025,0.684829828825998,Architectural Divergence (DeBERTa-MNLI),Low Redundancy,JointPairUCB
4,182,49,13.0,0.03939581309013673,0.03395436631606943,0.1973623706069969,0.684829828825998,Architectural Divergence (DeBERTa-MNLI),Low Redundancy,JointPairUCB
4,183,49,13.0,0.03939581309013673,0.004968124410993369,0.13793404932188053,0.684829828825998,Architectural Divergence (DeBERTa-MNLI),Low Redundancy,JointPairUCB
4,184,49,14.0,0.7478279517138334,0.19565934654395256,0.09914741780852827,0.7478279517138334,Architectural Divergence (DeBERTa-MNLI),Low Redundancy,JointPairUCB
4,185,49,14.0,0.7478279517138334,0.23749915641617464,0.22334488479408474,0.7478279517138334,Architectural Divergence (DeBERTa-MNLI),Low Redundancy,JointPairUCB
4,186,49,14.0,0.7478279517138334,0.19380913856437448,0.19900973725187432,0.7478279517138334,Architectural Divergence (DeBERTa-MNLI),Low Redundancy,JointPairUCB
4,187,49,15.0,0.1408682273238525,0.04035262776570013,0.3032553039011042,0.7478279517138334,Architectural Divergence (DeBERTa-MNLI),Low Redundancy,JointPairUCB
4,188,49,15.0,0.1408682273238525,0.000630252880448337,0.11595604700423219,0.7478279517138334,Architectural Divergence (DeBERTa-MNLI),Low Redundancy,JointPairUCB
4,189,49,16.0,0.122008103332372,0.022050542849087966,0.18751877961479319,0.7478279517138334,Architectural Divergence (DeBERTa-MNLI),Low Redundancy,JointPairUCB
4,190,49,16.0,0.122008103332372,0.06796102554705714,0.3682362916095359,0.7478279517138334,Architectural Divergence (DeBERTa-MNLI),Low Redundancy,JointPairUCB
4,191,49,17.0,0.17112515576197995,0.05426431800530377,0.2982379935616614,0.7478279517138334,Architectural Divergence (DeBERTa-MNLI),Low Redundancy,JointPairUCB
4,192,49,17.0,0.17112515576197995,0.03592976013665422,0.2113353042652187,0.7478279517138334,Architectural Divergence (DeBERTa-MNLI),Low Redundancy,JointPairUCB
4,193,49,18.0,0.10125640179815443,0.08848372407081374,0.3344890526121461,0.7478279517138334,Architectural Divergence (DeBERTa-MNLI),Low Redundancy,JointPairUCB
4,194,49,18.0,0.10125640179815443,0.03385503418438101,0.28347282420089337,0.7478279517138334,Architectural Divergence (DeBERTa-MNLI),Low Redundancy,JointPairUCB
4,195,49,19.0,0.20523550560968506,0.007242655831881636,0.08586614375071451,0.7478279517138334,Architectural Divergence (DeBERTa-MNLI),Low Redundancy,JointPairUCB
4,196,49,19.0,0.20523550560968506,0.012447487304318694,0.12588651266314496,0.7478279517138334,Architectural Divergence (DeBERTa-MNLI),Low Redundancy,JointPairUCB
4,197,49,20.0,0.09420547773017651,0.0023840150724280863,0.1235977275742783,0.7478279517138334,Architectural Divergence (DeBERTa-MNLI),Low Redundancy,JointPairUCB
4,198,49,20.0,0.09420547773017651,0.014756161329597364,0.24475834392115453,0.7478279517138334,Architectural Divergence (DeBERTa-MNLI),Low Redundancy,JointPairUCB
4,199,49,21.0,0.1432949774482341,0.052098360043388026,0.3173136196279046,0.7478279517138334,Architectural Divergence (DeBERTa-MNLI),Low Redundancy,JointPairUCB
4,200,49,21.0,0.1432949774482341,0.015924481854017798,0.3369886577921988,0.7478279517138334,Architectural Divergence (DeBERTa-MNLI),Low Redundancy,JointPairUCB
4,1,20,1.0,1.493826908526008e-09,6.287857678977105e-10,1.7579474194525865e-08,1.493826908526008e-09,Perfect Redundancy (Clone),High Redundancy,JointPairUCB
4,2,20,2.0,1.6279582723110336e-09,6.605972357673351e-11,1.5797124719267585e-08,1.6279582723110336e-09,Perfect Redundancy (Clone),High Redundancy,JointPairUCB
4,3,20,3.0,1.6147793523331455e-09,2.5539389179873862e-12,4.6088757039552255e-09,1.6279582723110336e-09,Perfect Redundancy (Clone),High Redundancy,JointPairUCB
4,4,20,4.0,1.6544845072956338e-09,1.8645929245053595e-11,2.005123302950551e-08,1.6544845072956338e-09,Perfect Redundancy (Clone),High Redundancy,JointPairUCB
4,5,20,5.0,1.7274915374045074e-09,5.394721921785084e-11,1.9437949005940426e-08,1.7274915374045074e-09,Perfect Redundancy (Clone),High Redundancy,JointPairUCB
4,6,20,6.0,1.6820387157764904e-09,4.202831659083639e-12,1.481687246914984e-08,1.7274915374045074e-09,Perfect Redundancy (Clone),High Redundancy,JointPairUCB
4,7,20,7.0,1.5409586410705667e-09,1.8019087547581359e-09,1.2656235991474405e-08,1.7274915374045074e-09,Perfect Redundancy (Clone),High Redundancy,JointPairUCB
4,8,20,8.0,1.737388850408389e-09,3.1877898975032903e-11,1.604275429827051e-08,1.737388850408389e-09,Perfect Redundancy (Clone),High Redundancy,JointPairUCB
4,9,20,9.0,1.538904725872925e-09,1.9043232268867172e-11,8.60735467241025e-09,1.737388850408389e-09,Perfect Redundancy (Clone),High Redundancy,JointPairUCB
4,10,20,10.0,1.6261303770540025e-09,0.0,1.5227393597872645e-08,1.737388850408389e-09,Perfect Redundancy (Clone),High Redundancy,JointPairUCB
4,11,20,11.0,1.6034611104165375e-09,1.9790131339236792e-12,8.778042795464305e-09,1.737388850408389e-09,Perfect Redundancy (Clone),High Redundancy,JointPairUCB
4,12,20,12.0,1.5801641722532067e-09,5.1529780442649555e-12,1.5662815290931607e-08,1.737388850408389e-09,Perfect Redundancy (Clone),High Redundancy,JointPairUCB
4,13,20,13.0,1.6397880726881642e-09,4.1157122154800166e-11,2.0661405519817323e-08,1.737388850408389e-09,Perfect Redundancy (Clone),High Redundancy,JointPairUCB
4,14,20,14.0,1.6601494692847218e-09,1.8829326986491424e-11,1.6686926885764454e-08,1.737388850408389e-09,Perfect Redundancy (Clone),High Redundancy,JointPairUCB
4,15,20,15.0,1.6541013988201347e-09,2.7437182604020395e-11,9.235411156270288e-09,1.737388850408389e-09,Perfect Redundancy (Clone),High Redundancy,JointPairUCB
4,16,20,16.0,1.5624158336471211e-09,3.604981105298499e-11,1.615616914418805e-08,1.737388850408389e-09,Perfect Redundancy (Clone),High Redundancy,JointPairUCB
4,17,20,17.0,1.632760298058561e-09,5.0229018210348756e-12,1.680717664842915e-08,1.737388850408389e-09,Perfect Redundancy (Clone),High Redundancy,JointPairUCB
4,18,20,18.0,1.581255701030293e-09,9.530501995230755e-12,1.3048682252075894e-08,1.737388850408389e-09,Perfect Redundancy (Clone),High Redundancy,JointPairUCB
4,19,20,19.0,1.601077575207055e-09,3.715069449988784e-11,1.663997966066394e-08,1.737388850408389e-09,Perfect Redundancy (Clone),High Redundancy,JointPairUCB
4,20,20,20.0,1.566525531689067e-09,4.2940860437747083e-11,1.3358555324980217e-08,1.737388850408389e-09,Perfect Redundancy (Clone),High Redundancy,JointPairUCB
4,21,20,21.0,1.6447982307751796e-09,1.2093840512372723e-11,8.562399345882904e-09,1.737388850408389e-09,Perfect Redundancy (Clone),High Redundancy,JointPairUCB
4,22,20,22.0,1.664015526498669e-09,2.2456847492691166e-11,1.5770700741764983e-08,1.737388850408389e-09,Perfect Redundancy (Clone),High Redundancy,JointPairUCB
4,23,20,23.0,1.7279116657463456e-09,1.3845389570076028e-10,1.287338484540733e-08,1.737388850408389e-09,Perfect Redundancy (Clone),High Redundancy,JointPairUCB
4,24,20,24.0,1.5978255903711241e-09,7.920718525511461e-11,1.9627331804272786e-08,1.737388850408389e-09,Perfect Redundancy (Clone),High Redundancy,JointPairUCB
4,25,20,25.0,1.6009305018813147e-09,1.221710378262325e-10,1.3298023123376607e-08,1.737388850408389e-09,Perfect Redundancy (Clone),High Redundancy,JointPairUCB
4,26,20,26.0,1.62452120440644e-09,3.145704131207738e-11,1.7122698021780625e-08,1.737388850408389e-09,Perfect Redundancy (Clone),High Redundancy,JointPairUCB
4,27,20,27.0,1.5761249211147799e-09,1.243175333943275e-10,1.3018837730516958e-08,1.737388850408389e-09,Perfect Redundancy (Clone),High Redundancy,JointPairUCB
4,28,20,28.0,1.6067583366238813e-09,3.885052427335389e-11,1.7003279077949795e-08,1.737388850408389e-09,Perfect Redundancy (Clone),High Redundancy,JointPairUCB
4,29,20,29.0,1.8774175022766293e-09,1.2834965004877852e-10,1.9464828593385163e-08,1.8774175022766293e-09,Perfect Redundancy (Clone),High Redundancy,JointPairUCB
4,30,20,30.0,1.6562709897159633e-09,1.1109930080945018e-10,1.611550851719594e-08,1.8774175022766293e-09,Perfect Redundancy (Clone),High Redundancy,JointPairUCB
4,31,20,31.0,1.6706202623541222e-09,7.090110026863883e-11,1.2984845469340978e-08,1.8774175022766293e-09,Perfect Redundancy (Clone),High Redundancy,JointPairUCB
4,32,20,32.0,1.6681101881743654e-09,1.8538840304473807e-10,1.7268291330023445e-08,1.8774175022766293e-09,Perfect Redundancy (Clone),High Redundancy,JointPairUCB
4,33,20,33.0,1.673770686286269e-09,5.911321293572414e-11,9.399522326843448e-09,1.8774175022766293e-09,Perfect Redundancy (Clone),High Redundancy,JointPairUCB
4,34,20,34.0,1.6351913876763713e-09,3.78341358242551e-11,1.6004116081165532e-08,1.8774175022766293e-09,Perfect Redundancy (Clone),High Redundancy,JointPairUCB
4,35,20,35.0,1.5686849835598593e-09,1.1189893456275968e-11,1.467266687212032e-08,1.8774175022766293e-09,Perfect Redundancy (Clone),High Redundancy,JointPairUCB
4,36,20,36.0,1.5792702061454694e-09,1.5682474730719515e-11,1.25732373433508e-08,1.8774175022766293e-09,Perfect Redundancy (Clone),High Redundancy,JointPairUCB
4,37,20,37.0,1.7816749338893378e-09,8.103127716345068e-11,1.6744256891199247e-08,1.8774175022766293e-09,Perfect Redundancy (Clone),High Redundancy,JointPairUCB
4,38,20,38.0,1.6961249095764214e-09,4.9975703501729806e-11,1.638456400636888e-08,1.8774175022766293e-09,Perfect Redundancy (Clone),High Redundancy,JointPairUCB
4,39,20,39.0,1.6114311040052454e-09,4.290378274006412e-11,1.2866057247330407e-08,1.8774175022766293e-09,Perfect Redundancy (Clone),High Redundancy,JointPairUCB
4,40,31,1.0,6.576122590917777e-09,4.1838485661215005e-09,1.651187787870406e-08,6.576122590917777e-09,Perfect Redundancy (Clone),High Redundancy,JointPairUCB
4,41,31,2.0,1.8297222643265387e-09,4.612325924836791e-11,8.652401500526888e-09,6.576122590917777e-09,Perfect Redundancy (Clone),High Redundancy,JointPairUCB
4,42,31,3.0,1.8209634113086626e-09,1.276969458993693e-11,1.3572771299930064e-08,6.576122590917777e-09,Perfect Redundancy (Clone),High Redundancy,JointPairUCB
4,43,31,4.0,1.8712501448532592e-09,4.341606564279427e-11,1.3198894428800845e-08,6.576122590917777e-09,Perfect Redundancy (Clone),High Redundancy,JointPairUCB
4,44,31,5.0,1.888907044233362e-09,7.679313447075606e-11,1.6441513744588388e-08,6.576122590917777e-09,Perfect Redundancy (Clone),High Redundancy,JointPairUCB
4,45,31,6.0,1.8381783460814927e-09,6.14842539294752e-11,1.516224873987504e-08,6.576122590917777e-09,Perfect Redundancy (Clone),High Redundancy,JointPairUCB
4,46,31,7.0,2.267451545967525e-09,2.1821026401601384e-09,1.680502490597306e-08,6.576122590917777e-09,Perfect Redundancy (Clone),High Redundancy,JointPairUCB
4,47,31,8.0,1.9213843222617294e-09,1.3405161184646547e-10,1.6795164382767818e-08,6.576122590917777e-09,Perfect Redundancy (Clone),High Redundancy,JointPairUCB
4,48,31,9.0,1.8245305450931976e-09,6.731104851016162e-11,1.9749411372949056e-08,6.576122590917777e-09,Perfect Redundancy (Clone),High Redundancy,JointPairUCB
4,49,31,10.0,1.878362303371628e-09,1.0554022239483984e-10,1.9906257131552253e-08,6.576122590917777e-09,Perfect Redundancy (Clone),High Redundancy,JointPairUCB
4,50,31,11.0,1.8029852927488321e-09,2.8912420851553988e-11,1.946839098820874e-08,6.576122590917777e-09,Perfect Redundancy (Clone),High Redundancy,JointPairUCB
4,51,31,12.0,1.8262827248746727e-09,7.214429591922978e-11,1.2737371495388784e-08,6.576122590917777e-09,Perfect Redundancy (Clone),High Redundancy,JointPairUCB
4,52,31,13.0,1.8534638606890197e-09,7.334633959216186e-11,1.996028149431339e-08,6.576122590917777e-09,Perfect Redundancy (Clone),High Redundancy,JointPairUCB
4,53,31,1.0,6.576122590917777e-09,2.5407534290887436e-09,1.2128189241572204e-08,6.576122590917777e-09,Perfect Redundancy (Clone),High Redundancy,JointPairUCB
4,54,31,7.0,2.267451545967525e-09,7.914335831658847e-10,1.7769813377309026e-08,6.576122590917777e-09,Perfect Redundancy (Clone),High Redundancy,JointPairUCB
4,55,20,7.0,1.5409586410705667e-09,8.045446642235276e-10,1.8147066650374064e-08,6.576122590917777e-09,Perfect Redundancy (Clone),High Redundancy,JointPairUCB
4,56,20,1.0,1.493826908526008e-09,5.98324667588912e-10,1.638062323942868e-08,6.576122590917777e-09,Perfect Redundancy (Clone),High Redundancy,JointPairUCB
4,57,20,32.0,1.6681101881743654e-09,2.182270495603225e-10,1.661848188162958e-08,6.576122590917777e-09,Perfect Redundancy (Clone),High Redundancy,JointPairUCB
4,58,20,23.0,1.7279116657463456e-09,1.7101605977697109e-10,1.7226223822906782e-08,6.576122590917777e-09,Perfect Redundancy (Clone),High Redundancy,JointPairUCB
4,59,31,8.0,1.9213843222617294e-09,1.2827247840296875e-10,1.7286940262508516e-08,6.576122590917777e-09,Perfect Redundancy (Clone),High Redundancy,JointPairUCB
4,60,20,29.0,1.8774175022766293e-09,1.357263544718608e-10,1.6348264755285634e-08,6.576122590917777e-09,Perfect Redundancy (Clone),High Redundancy,JointPairUCB
4,61,20,27.0,1.5761249211147799e-09,3.3972447077701415e-11,1.6463408295842864e-08,6.576122590917777e-09,Perfect Redundancy (Clone),High Redundancy,JointPairUCB
4,62,20,25.0,1.6009305018813147e-09,1.0180395203056302e-10,1.2851426297189744e-08,6.576122590917777e-09,Perfect Redundancy (Clone),High Redundancy,JointPairUCB
4,63,20,30.0,1.6562709897159633e-09,1.9070833801038133e-11,1.6347105151817697e-08,6.576122590917777e-09,Perfect Redundancy (Clone),High Redundancy,JointPairUCB
4,64,31,10.0,1.878362303371628e-09,4.14691406214196e-11,1.1648877002302764e-08,6.576122590917777e-09,Perfect Redundancy (Clone),High Redundancy,JointPairUCB
4,65,20,37.0,1.7816749338893378e-09,6.794981967503042e-11,1.2309910222955447e-08,6.576122590917777e-09,Perfect Redundancy (Clone),High Redundancy,JointPairUCB
4,66,20,24.0,1.5978255903711241e-09,7.880794389465706e-12,1.2119403811463106e-08,6.576122590917777e-09,Perfect Redundancy (Clone),High Redundancy,JointPairUCB
4,67,31,5.0,1.888907044233362e-09,4.8925019981507777e-11,1.9449262023130132e-08,6.576122590917777e-09,Perfect Redundancy (Clone),High Redundancy,JointPairUCB
4,68,31,13.0,1.8534638606890197e-09,1.3368344382869156e-10,1.3085611731515624e-08,6.576122590917777e-09,Perfect Redundancy (Clone),High Redundancy,JointPairUCB
4,69,31,12.0,1.8262827248746727e-09,7.168415288444364e-11,1.3123948596253064e-08,6.576122590917777e-09,Perfect Redundancy (Clone),High Redundancy,JointPairUCB
4,70,20,31.0,1.6706202623541222e-09,2.8873526963443806e-11,1.639176168666788e-08,6.576122590917777e-09,Perfect Redundancy (Clone),High Redundancy,JointPairUCB
4,71,31,9.0,1.8245305450931976e-09,3.4143486757516606e-11,1.1796395575549428e-08,6.576122590917777e-09,Perfect Redundancy (Clone),High Redundancy,JointPairUCB
4,72,20,2.0,1.6279582723110336e-09,7.434601220247805e-11,1.2707346766938771e-08,6.576122590917777e-09,Perfect Redundancy (Clone),High Redundancy,JointPairUCB
4,73,31,6.0,1.8381783460814927e-09,5.877900679206183e-11,1.309552899583441e-08,6.576122590917777e-09,Perfect Redundancy (Clone),High Redundancy,JointPairUCB
4,74,20,33.0,1.673770686286269e-09,2.8681473602382156e-11,2.078811252026469e-08,6.576122590917777e-09,Perfect Redundancy (Clone),High Redundancy,JointPairUCB
4,75,20,5.0,1.7274915374045074e-09,4.967957976421966e-11,1.2765074671686888e-08,6.576122590917777e-09,Perfect Redundancy (Clone),High Redundancy,JointPairUCB
4,76,20,38.0,1.6961249095764214e-09,1.2494791423300206e-10,1.2402448511163871e-08,6.576122590917777e-09,Perfect Redundancy (Clone),High Redundancy,JointPairUCB
4,77,31,2.0,1.8297222643265387e-09,1.9042788049553062e-11,1.1100439483140851e-08,6.576122590917777e-09,Perfect Redundancy (Clone),High Redundancy,JointPairUCB
4,78,31,4.0,1.8712501448532592e-09,3.9408975865615203e-11,2.007373769430387e-08,6.576122590917777e-09,Perfect Redundancy (Clone),High Redundancy,JointPairUCB
4,79,20,20.0,1.566525531689067e-09,3.7082694206991286e-11,1.7084288055774223e-08,6.576122590917777e-09,Perfect Redundancy (Clone),High Redundancy,JointPairUCB
4,80,20,39.0,1.6114311040052454e-09,2.0321754955893168e-11,1.2906135733433203e-08,6.576122590917777e-09,Perfect Redundancy (Clone),High Redundancy,JointPairUCB
4,81,20,13.0,1.6397880726881642e-09,3.732768764225236e-11,1.6482435533440864e-08,6.576122590917777e-09,Perfect Redundancy (Clone),High Redundancy,JointPairUCB
4,82,20,28.0,1.6067583366238813e-09,0.0,1.2947889457045474e-08,6.576122590917777e-09,Perfect Redundancy (Clone),High Redundancy,JointPairUCB
4,83,20,34.0,1.6351913876763713e-09,0.0,1.9246822180463142e-08,6.576122590917777e-09,Perfect Redundancy (Clone),High Redundancy,JointPairUCB
4,84,20,19.0,1.601077575207055e-09,4.5183467037301914e-11,1.2436471672101768e-08,6.576122590917777e-09,Perfect Redundancy (Clone),High Redundancy,JointPairUCB
4,85,20,16.0,1.5624158336471211e-09,7.826457260051711e-11,1.7174770374243574e-08,6.576122590917777e-09,Perfect Redundancy (Clone),High Redundancy,JointPairUCB
4,86,20,8.0,1.737388850408389e-09,1.518722169942602e-10,1.3427779050776897e-08,6.576122590917777e-09,Perfect Redundancy (Clone),High Redundancy,JointPairUCB
4,87,20,26.0,1.62452120440644e-09,1.4886954646450844e-11,1.6832849754127784e-08,6.576122590917777e-09,Perfect Redundancy (Clone),High Redundancy,JointPairUCB
4,88,31,11.0,1.8029852927488321e-09,4.043740602782675e-11,9.278757084852859e-09,6.576122590917777e-09,Perfect Redundancy (Clone),High Redundancy,JointPairUCB
4,89,20,15.0,1.6541013988201347e-09,3.090011373944185e-11,1.3143552132516972e-08,6.576122590917777e-09,Perfect Redundancy (Clone),High Redundancy,JointPairUCB
4,90,20,22.0,1.664015526498669e-09,2.900321612649831e-11,1.2453609153769904e-08,6.576122590917777e-09,Perfect Redundancy (Clone),High Redundancy,JointPairUCB
4,91,20,9.0,1.538904725872925e-09,5.2757787027957195e-11,1.5405888589316297e-08,6.576122590917777e-09,Perfect Redundancy (Clone),High Redundancy,JointPairUCB
4,92,20,14.0,1.6601494692847218e-09,0.0,1.4720728925437555e-08,6.576122590917777e-09,Perfect Redundancy (Clone),High Redundancy,JointPairUCB
4,93,20,4.0,1.6544845072956338e-09,2.1960428592780745e-11,1.61138751607684e-08,6.576122590917777e-09,Perfect Redundancy (Clone),High Redundancy,JointPairUCB
4,94,20,36.0,1.5792702061454694e-09,1.1665779453551295e-11,2.023461314060171e-08,6.576122590917777e-09,Perfect Redundancy (Clone),High Redundancy,JointPairUCB
4,95,31,3.0,1.8209634113086626e-09,2.2614919225477647e-11,1.60317095307394e-08,6.576122590917777e-09,Perfect Redundancy (Clone),High Redundancy,JointPairUCB
4,96,20,21.0,1.6447982307751796e-09,1.068505908752293e-11,1.696421262301767e-08,6.576122590917777e-09,Perfect Redundancy (Clone),High Redundancy,JointPairUCB
4,97,20,35.0,1.5686849835598593e-09,0.0,1.9845798782114343e-08,6.576122590917777e-09,Perfect Redundancy (Clone),High Redundancy,JointPairUCB
4,98,20,18.0,1.581255701030293e-09,9.530501995230755e-12,1.2555071433190124e-08,6.576122590917777e-09,Perfect Redundancy (Clone),High Redundancy,JointPairUCB
4,99,20,12.0,1.5801641722532067e-09,5.6714944546287785e-11,1.293333298686694e-08,6.576122590917777e-09,Perfect Redundancy (Clone),High Redundancy,JointPairUCB
4,100,20,17.0,1.632760298058561e-09,1.749906636695081e-11,1.6577837567369885e-08,6.576122590917777e-09,Perfect Redundancy (Clone),High Redundancy,JointPairUCB
4,101,20,6.0,1.6820387157764904e-09,4.202831659083639e-12,1.858850839919768e-08,6.576122590917777e-09,Perfect Redundancy (Clone),High Redundancy,JointPairUCB
4,102,20,3.0,1.6147793523331455e-09,9.845224635540716e-12,1.8286402947431668e-08,6.576122590917777e-09,Perfect Redundancy (Clone),High Redundancy,JointPairUCB
4,103,20,11.0,1.6034611104165375e-09,1.9790131339236792e-12,1.2900286143870468e-08,6.576122590917777e-09,Perfect Redundancy (Clone),High Redundancy,JointPairUCB
4,104,20,10.0,1.6261303770540025e-09,0.0,1.928517008309427e-08,6.576122590917777e-09,Perfect Redundancy (Clone),High Redundancy,JointPairUCB
4,105,31,14.0,1.9300566739439973e-09,1.0847535339593429e-10,1.657689713673721e-08,6.576122590917777e-09,Perfect Redundancy (Clone),High Redundancy,JointPairUCB
4,106,31,14.0,1.9300566739439973e-09,6.731632590760428e-11,1.4742790278507445e-08,6.576122590917777e-09,Perfect Redundancy (Clone),High Redundancy,JointPairUCB
4,107,31,15.0,1.8524014375360942e-09,5.080648866027937e-11,2.0443419490590033e-08,6.576122590917777e-09,Perfect Redundancy (Clone),High Redundancy,JointPairUCB
4,108,31,15.0,1.8524014375360942e-09,5.250648245185008e-11,9.090872083849372e-09,6.576122590917777e-09,Perfect Redundancy (Clone),High Redundancy,JointPairUCB
4,109,31,16.0,1.7591162498019342e-09,2.4037488937245917e-11,1.2892683514602148e-08,6.576122590917777e-09,Perfect Redundancy (Clone),High Redundancy,JointPairUCB
4,110,31,16.0,1.7591162498019342e-09,0.0,1.2357836779363849e-08,6.576122590917777e-09,Perfect Redundancy (Clone),High Redundancy,JointPairUCB
4,111,31,17.0,1.869043427405598e-09,1.19944139819958e-10,1.2621785903076111e-08,6.576122590917777e-09,Perfect Redundancy (Clone),High Redundancy,JointPairUCB
4,112,31,17.0,1.869043427405598e-09,4.9285867184320485e-11,2.0456189853135243e-08,6.576122590917777e-09,Perfect Redundancy (Clone),High Redundancy,JointPairUCB
4,113,31,18.0,1.8353384979331866e-09,5.285389743057978e-11,1.3507801131492151e-08,6.576122590917777e-09,Perfect Redundancy (Clone),High Redundancy,JointPairUCB
4,114,31,18.0,1.8353384979331866e-09,4.7314842972420726e-11,1.6431893846459433e-08,6.576122590917777e-09,Perfect Redundancy (Clone),High Redundancy,JointPairUCB
4,115,31,19.0,1.8531643986279683e-09,4.500746865043065e-11,1.70976964278648e-08,6.576122590917777e-09,Perfect Redundancy (Clone),High Redundancy,JointPairUCB
4,116,31,19.0,1.8531643986279683e-09,3.6902960787003894e-11,1.2520037227965742e-08,6.576122590917777e-09,Perfect Redundancy (Clone),High Redundancy,JointPairUCB
4,117,31,20.0,1.8540056842195063e-09,2.929083104535879e-11,2.024097791597512e-08,6.576122590917777e-09,Perfect Redundancy (Clone),High Redundancy,JointPairUCB
4,118,31,20.0,1.8540056842195063e-09,5.415278798298617e-11,2.0011544576981067e-08,6.576122590917777e-09,Perfect Redundancy (Clone),High Redundancy,JointPairUCB
4,119,31,21.0,1.8250418372736665e-09,1.833389898231452e-11,1.2052618417624644e-08,6.576122590917777e-09,Perfect Redundancy (Clone),High Redundancy,JointPairUCB
4,120,31,21.0,1.8250418372736665e-09,4.798800037897344e-11,1.5511990412130085e-08,6.576122590917777e-09,Perfect Redundancy (Clone),High Redundancy,JointPairUCB
4,121,31,22.0,1.867201309150787e-09,4.174362667596493e-11,1.2356762607492605e-08,6.576122590917777e-09,Perfect Redundancy (Clone),High Redundancy,JointPairUCB
4,122,31,22.0,1.867201309150787e-09,6.356911410026339e-11,9.337514471612767e-09,6.576122590917777e-09,Perfect Redundancy (Clone),High Redundancy,JointPairUCB
4,123,31,23.0,1.8767776796633356e-09,2.3029743999401082e-10,1.7041242343120154e-08,6.576122590917777e-09,Perfect Redundancy (Clone),High Redundancy,JointPairUCB
4,124,31,23.0,1.8767776796633356e-09,2.4233458592679697e-10,1.7189011525904284e-08,6.576122590917777e-09,Perfect Redundancy (Clone),High Redundancy,JointPairUCB
4,125,31,24.0,1.8742319658066053e-09,7.223701328946952e-11,9.133618168906398e-09,6.576122590917777e-09,Perfect Redundancy (Clone),High Redundancy,JointPairUCB
4,126,31,24.0,1.8742319658066053e-09,7.223701328946952e-11,1.19362516394321e-08,6.576122590917777e-09,Perfect Redundancy (Clone),High Redundancy,JointPairUCB
4,127,31,25.0,1.856945788542702e-09,3.076088320695669e-11,8.473811374874567e-09,6.576122590917777e-09,Perfect Redundancy (Clone),High Redundancy,JointPairUCB
4,128,31,25.0,1.856945788542702e-09,3.076088320695669e-11,1.4603822402151772e-08,6.576122590917777e-09,Perfect Redundancy (Clone),High Redundancy,JointPairUCB
4,129,31,26.0,1.8808674956058424e-09,4.272173673852686e-11,1.615592470785923e-08,6.576122590917777e-09,Perfect Redundancy (Clone),High Redundancy,JointPairUCB
4,130,31,26.0,1.8808674956058424e-09,5.7608691384977705e-11,1.2956770189783209e-08,6.576122590917777e-09,Perfect Redundancy (Clone),High Redundancy,JointPairUCB
4,131,31,27.0,1.8204609883356454e-09,1.2946893242823249e-10,1.6697550236054183e-08,6.576122590917777e-09,Perfect Redundancy (Clone),High Redundancy,JointPairUCB
4,132,31,27.0,1.8204609883356454e-09,5.526852289629986e-11,1.2914941483789521e-08,6.576122590917777e-09,Perfect Redundancy (Clone),High Redundancy,JointPairUCB
4,133,31,28.0,1.8469261508623908e-09,4.396700570893225e-11,8.763980345431744e-09,6.576122590917777e-09,Perfect Redundancy (Clone),High Redundancy,JointPairUCB
4,134,31,28.0,1.8469261508623908e-09,2.5751064366801024e-11,1.2281286542945025e-08,6.576122590917777e-09,Perfect Redundancy (Clone),High Redundancy,JointPairUCB
4,135,31,29.0,1.9568840363241857e-09,9.401833826446285e-11,1.52242838025304e-08,6.576122590917777e-09,Perfect Redundancy (Clone),High Redundancy,JointPairUCB
4,136,31,29.0,1.9568840363241857e-09,1.0041741952933683e-10,1.662108609858017e-08,6.576122590917777e-09,Perfect Redundancy (Clone),High Redundancy,JointPairUCB
4,137,31,30.0,1.9377579475905737e-09,1.0277830960435385e-10,1.603649268273888e-08,6.576122590917777e-09,Perfect Redundancy (Clone),High Redundancy,JointPairUCB
4,138,31,30.0,1.9377579475905737e-09,7.116696273089251e-11,1.6581598312730844e-08,6.576122590917777e-09,Perfect Redundancy (Clone),High Redundancy,JointPairUCB
4,139,31,31.0,1.8586975244518078e-09,3.1636751161509546e-11,2.069837325979762e-08,6.576122590917777e-09,Perfect Redundancy (Clone),High Redundancy,JointPairUCB
4,140,31,31.0,1.8586975244518078e-09,3.1636751161509546e-11,1.6357708937028702e-08,6.576122590917777e-09,Perfect Redundancy (Clone),High Redundancy,JointPairUCB
4,141,31,32.0,1.830354767057285e-09,3.420015269248178e-11,1.635392116935974e-08,6.576122590917777e-09,Perfect Redundancy (Clone),High Redundancy,JointPairUCB
4,142,31,32.0,1.830354767057285e-09,4.552912220411737e-11,1.2743570712743513e-08,6.576122590917777e-09,Perfect Redundancy (Clone),High Redundancy,JointPairUCB
4,143,31,33.0,1.8993730546701393e-09,6.744837674488302e-11,9.028638769991229e-09,6.576122590917777e-09,Perfect Redundancy (Clone),High Redundancy,JointPairUCB
4,144,31,33.0,1.8993730546701393e-09,5.1974516270675286e-11,1.6596917265217573e-08,6.576122590917777e-09,Perfect Redundancy (Clone),High Redundancy,JointPairUCB
4,145,31,34.0,1.8445287669217186e-09,2.455237239646496e-11,1.640675681190487e-08,6.576122590917777e-09,Perfect Redundancy (Clone),High Redundancy,JointPairUCB
4,146,31,34.0,1.8445287669217186e-09,3.005311583360176e-11,1.299251917291893e-08,6.576122590917777e-09,Perfect Redundancy (Clone),High Redundancy,JointPairUCB
4,147,31,35.0,1.7839083381061133e-09,2.145272848252944e-12,7.3450113193852805e-09,6.576122590917777e-09,Perfect Redundancy (Clone),High Redundancy,JointPairUCB
4,148,31,35.0,1.7839083381061133e-09,1.1189893456275968e-11,1.6701916190266926e-08,6.576122590917777e-09,Perfect Redundancy (Clone),High Redundancy,JointPairUCB
4,149,31,36.0,1.8231323148203138e-09,5.5123867287194125e-11,1.2733240155478853e-08,6.576122590917777e-09,Perfect Redundancy (Clone),High Redundancy,JointPairUCB
4,150,31,36.0,1.8231323148203138e-09,4.215176611617813e-11,1.2743909642994564e-08,6.576122590917777e-09,Perfect Redundancy (Clone),High Redundancy,JointPairUCB
4,151,31,37.0,1.86874015936124e-09,6.887460916264049e-11,1.56527549897284e-08,6.576122590917777e-09,Perfect Redundancy (Clone),High Redundancy,JointPairUCB
4,152,31,37.0,1.86874015936124e-09,7.234660962755074e-11,1.6367804698061426e-08,6.576122590917777e-09,Perfect Redundancy (Clone),High Redundancy,JointPairUCB
4,153,31,38.0,1.884534392470119e-09,1.4554346558243863e-10,1.2913093627459766e-08,6.576122590917777e-09,Perfect Redundancy (Clone),High Redundancy,JointPairUCB
4,154,31,38.0,1.884534392470119e-09,4.6804370904159066e-11,1.2070764820754781e-08,6.576122590917777e-09,Perfect Redundancy (Clone),High Redundancy,JointPairUCB
4,155,31,39.0,1.8808530457929684e-09,7.766955867523351e-11,8.651703698424329e-09,6.576122590917777e-09,Perfect Redundancy (Clone),High Redundancy,JointPairUCB
4,156,31,39.0,1.8808530457929684e-09,7.715763752740023e-11,1.6344460831334633e-08,6.576122590917777e-09,Perfect Redundancy (Clone),High Redundancy,JointPairUCB
4,157,11,1.0,1.7571154884831602e-09,1.5573792581935474e-09,1.8267119927806164e-08,6.576122590917777e-09,Perfect Redundancy (Clone),High Redundancy,JointPairUCB
4,158,11,1.0,1.7571154884831602e-09,2.8479815172843816e-10,1.3017905038138766e-08,6.576122590917777e-09,Perfect Redundancy (Clone),High Redundancy,JointPairUCB
4,159,11,2.0,1.8870609041305927e-09,8.902707572880363e-11,1.6545585768482084e-08,6.576122590917777e-09,Perfect Redundancy (Clone),High Redundancy,JointPairUCB
4,160,11,2.0,1.8870609041305927e-09,5.550266231856005e-11,8.541212218309696e-09,6.576122590917777e-09,Perfect Redundancy (Clone),High Redundancy,JointPairUCB
4,161,11,3.0,1.757596052856178e-09,0.0,1.4520767403769508e-08,6.576122590917777e-09,Perfect Redundancy (Clone),High Redundancy,JointPairUCB
4,162,11,3.0,1.757596052856178e-09,1.2399163553528104e-11,1.2267509585245361e-08,6.576122590917777e-09,Perfect Redundancy (Clone),High Redundancy,JointPairUCB
4,163,11,4.0,1.9670570389554443e-09,3.3035849641809e-11,1.635052402880477e-08,6.576122590917777e-09,Perfect Redundancy (Clone),High Redundancy,JointPairUCB
4,164,11,4.0,1.9670570389554443e-09,5.379145017869041e-11,1.637784071382986e-08,6.576122590917777e-09,Perfect Redundancy (Clone),High Redundancy,JointPairUCB
4,165,11,5.0,1.932809771607036e-09,7.178543157040224e-11,1.2531197819513895e-08,6.576122590917777e-09,Perfect Redundancy (Clone),High Redundancy,JointPairUCB
4,166,11,5.0,1.932809771607036e-09,1.8984839460049752e-11,1.3216692598509716e-08,6.576122590917777e-09,Perfect Redundancy (Clone),High Redundancy,JointPairUCB
4,167,11,6.0,1.938996043587826e-09,7.34382465863298e-12,2.0350789964318493e-08,6.576122590917777e-09,Perfect Redundancy (Clone),High Redundancy,JointPairUCB
4,168,11,6.0,1.938996043587826e-09,1.004907179604636e-11,1.6465621739594066e-08,6.576122590917777e-09,Perfect Redundancy (Clone),High Redundancy,JointPairUCB
4,169,11,7.0,1.9119480493181434e-09,3.1939731970354044e-10,1.389220171264978e-08,6.576122590917777e-09,Perfect Redundancy (Clone),High Redundancy,JointPairUCB
4,170,11,7.0,1.9119480493181434e-09,1.7110634568072435e-09,1.2520788871287978e-08,6.576122590917777e-09,Perfect Redundancy (Clone),High Redundancy,JointPairUCB
4,171,11,8.0,1.9302728577856587e-09,2.881481197310881e-11,1.2915263134915394e-08,6.576122590917777e-09,Perfect Redundancy (Clone),High Redundancy,JointPairUCB
4,172,11,8.0,1.9302728577856587e-09,1.5578261770843316e-11,1.24988179857604e-08,6.576122590917777e-09,Perfect Redundancy (Clone),High Redundancy,JointPairUCB
4,173,11,9.0,1.8821193824378885e-09,1.9043232268867172e-11,1.320121687190673e-08,6.576122590917777e-09,Perfect Redundancy (Clone),High Redundancy,JointPairUCB
4,174,11,9.0,1.8821193824378885e-09,1.613257999411033e-11,8.39697023658284e-09,6.576122590917777e-09,Perfect Redundancy (Clone),High Redundancy,JointPairUCB
4,175,11,10.0,1.7573388229634099e-09,8.29382812428392e-12,4.476770210874032e-09,6.576122590917777e-09,Perfect Redundancy (Clone),High Redundancy,JointPairUCB
4,176,11,10.0,1.7573388229634099e-09,8.29382812428392e-12,1.2468455287857616e-08,6.576122590917777e-09,Perfect Redundancy (Clone),High Redundancy,JointPairUCB
4,177,11,11.0,1.9365372549897536e-09,1.6416529463950115e-11,8.816239811457182e-09,6.576122590917777e-09,Perfect Redundancy (Clone),High Redundancy,JointPairUCB
4,178,11,11.0,1.9365372549897536e-09,4.1548315005482396e-11,1.6633143366112657e-08,6.576122590917777e-09,Perfect Redundancy (Clone),High Redundancy,JointPairUCB
4,179,11,12.0,1.902121344004963e-09,3.611339075004771e-11,1.266879034299978e-08,6.576122590917777e-09,Perfect Redundancy (Clone),High Redundancy,JointPairUCB
4,180,11,12.0,1.902121344004963e-09,2.0141410761453927e-11,1.602673164301932e-08,6.576122590917777e-09,Perfect Redundancy (Clone),High Redundancy,JointPairUCB
4,181,11,13.0,1.9566793315814457e-09,1.0271770558688969e-10,1.7242965875356038e-08,6.576122590917777e-09,Perfect Redundancy (Clone),High Redundancy,JointPairUCB
4,182,11,13.0,1.9566793315814457e-09,2.838313601077197e-11,1.6259381980035516e-08,6.576122590917777e-09,Perfect Redundancy (Clone),High Redundancy,JointPairUCB
4,183,11,14.0,1.8308021801057353e-09,0.0,1.638873878976113e-08,6.576122590917777e-09,Perfect Redundancy (Clone),High Redundancy,JointPairUCB
4,184,11,14.0,1.8308021801057353e-09,3.5792965639991345e-11,1.1946855387433286e-08,6.576122590917777e-09,Perfect Redundancy (Clone),High Redundancy,JointPairUCB
4,185,11,15.0,1.9585024727203706e-09,2.2794780787319806e-11,8.971842963044831e-09,6.576122590917777e-09,Perfect Redundancy (Clone),High Redundancy,JointPairUCB
4,186,11,15.0,1.9585024727203706e-09,4.6812555535517135e-11,9.214190949255117e-09,6.576122590917777e-09,Perfect Redundancy (Clone),High Redundancy,JointPairUCB
4,187,11,16.0,1.9998708629875503e-09,3.7781234358495036e-11,1.5497423864509198e-08,6.576122590917777e-09,Perfect Redundancy (Clone),High Redundancy,JointPairUCB
4,188,11,16.0,1.9998708629875503e-09,4.058307436849776e-11,8.608757673866582e-09,6.576122590917777e-09,Perfect Redundancy (Clone),High Redundancy,JointPairUCB
4,189,11,17.0,1.974537412480909e-09,3.2476449632855284e-11,1.658124587780932e-08,6.576122590917777e-09,Perfect Redundancy (Clone),High Redundancy,JointPairUCB
4,190,11,17.0,1.974537412480909e-09,1.0824894628672783e-10,1.685544305171649e-08,6.576122590917777e-09,Perfect Redundancy (Clone),High Redundancy,JointPairUCB
4,191,11,18.0,1.9032459706554497e-09,4.9772126784614065e-11,1.7028104294311562e-08,6.576122590917777e-09,Perfect Redundancy (Clone),High Redundancy,JointPairUCB
4,192,11,18.0,1.9032459706554497e-09,0.0,1.658914626050112e-08,6.576122590917777e-09,Perfect Redundancy (Clone),High Redundancy,JointPairUCB
4,193,11,19.0,1.8357148704774284e-09,1.2108833935542407e-10,1.722364867933618e-08,6.576122590917777e-09,Perfect Redundancy (Clone),High Redundancy,JointPairUCB
4,194,11,19.0,1.8357148704774284e-09,8.971168252713824e-11,1.3072155153823206e-08,6.576122590917777e-09,Perfect Redundancy (Clone),High Redundancy,JointPairUCB
4,195,11,20.0,1.922581197326065e-09,5.8581662307558015e-12,1.210340437253661e-08,6.576122590917777e-09,Perfect Redundancy (Clone),High Redundancy,JointPairUCB
4,196,11,20.0,1.922581197326065e-09,4.940391429286706e-11,1.6927260373857804e-08,6.576122590917777e-09,Perfect Redundancy (Clone),High Redundancy,JointPairUCB
4,197,11,21.0,1.933719185644167e-09,1.2428673259838597e-11,1.5864817898194467e-08,6.576122590917777e-09,Perfect Redundancy (Clone),High Redundancy,JointPairUCB
4,198,11,21.0,1.933719185644167e-09,8.23038709667906e-12,1.948180865518623e-08,6.576122590917777e-09,Perfect Redundancy (Clone),High Redundancy,JointPairUCB
4,199,11,22.0,1.8336563751761292e-09,6.559940730812425e-11,9.313233373170124e-09,6.576122590917777e-09,Perfect Redundancy (Clone),High Redundancy,JointPairUCB
4,200,11,22.0,1.8336563751761292e-09,6.496804723973155e-11,8.937080694460322e-09,6.576122590917777e-09,Perfect Redundancy (Clone),High Redundancy,JointPairUCB
4,1,23,1.0,0.008086731659903014,0.06489909347505891,0.47558203790427755,0.008086731659903014,Parametric Divergence (DistilBERT-MNLI-Variant),Uniqueness,JointPairUCB
4,2,23,2.0,0.7442602866182582,0.02966698838294004,0.2511771529205838,0.7442602866182582,Parametric Divergence (DistilBERT-MNLI-Variant),Uniqueness,JointPairUCB
4,3,23,3.0,0.9139264267484292,0.004743768612959531,0.22808672759219722,0.9139264267484292,Parametric Divergence (DistilBERT-MNLI-Variant),Uniqueness,JointPairUCB
4,4,23,4.0,0.05032189546554275,0.08948016374311978,0.4066353494964597,0.9139264267484292,Parametric Divergence (DistilBERT-MNLI-Variant),Uniqueness,JointPairUCB
4,5,23,5.0,0.0019358355251906639,0.026724126709593076,0.21410032817960672,0.9139264267484292,Parametric Divergence (DistilBERT-MNLI-Variant),Uniqueness,JointPairUCB
4,6,23,6.0,0.003900058339416394,0.10945787703652368,0.4810988763553518,0.9139264267484292,Parametric Divergence (DistilBERT-MNLI-Variant),Uniqueness,JointPairUCB
4,7,23,7.0,0.07963025178791917,0.035060226812674775,0.3617811209609948,0.9139264267484292,Parametric Divergence (DistilBERT-MNLI-Variant),Uniqueness,JointPairUCB
4,8,23,8.0,0.10110874765301454,0.0,0.25995982311785487,0.9139264267484292,Parametric Divergence (DistilBERT-MNLI-Variant),Uniqueness,JointPairUCB
4,9,23,9.0,0.6538939306164443,0.022745474155607914,0.33619734831736603,0.9139264267484292,Parametric Divergence (DistilBERT-MNLI-Variant),Uniqueness,JointPairUCB
4,10,23,10.0,0.797762960617766,0.004753488148681007,0.3367349518776955,0.9139264267484292,Parametric Divergence (DistilBERT-MNLI-Variant),Uniqueness,JointPairUCB
4,11,23,11.0,0.5640320102684327,0.03936892391169071,0.2794162737657969,0.9139264267484292,Parametric Divergence (DistilBERT-MNLI-Variant),Uniqueness,JointPairUCB
4,12,23,12.0,0.7670457388842343,0.0,0.12549359676200392,0.9139264267484292,Parametric Divergence (DistilBERT-MNLI-Variant),Uniqueness,JointPairUCB
4,13,23,13.0,0.7612034824945152,0.04650394688152859,0.5088207219149057,0.9139264267484292,Parametric Divergence (DistilBERT-MNLI-Variant),Uniqueness,JointPairUCB
4,14,23,14.0,0.8962289735953971,0.03340693134716057,0.3255518336225426,0.9139264267484292,Parametric Divergence (DistilBERT-MNLI-Variant),Uniqueness,JointPairUCB
4,15,23,15.0,0.9158539686319782,0.0053189825694487155,0.36530269098359297,0.9158539686319782,Parametric Divergence (DistilBERT-MNLI-Variant),Uniqueness,JointPairUCB
4,16,23,16.0,0.28125234335808763,0.10915424095523618,0.5547148377195412,0.9158539686319782,Parametric Divergence (DistilBERT-MNLI-Variant),Uniqueness,JointPairUCB
4,17,23,17.0,0.7952629391198719,0.07545794088376141,0.3294823819347757,0.9158539686319782,Parametric Divergence (DistilBERT-MNLI-Variant),Uniqueness,JointPairUCB
4,18,23,18.0,0.898625300819427,0.07668345244892974,0.44245167973211236,0.9158539686319782,Parametric Divergence (DistilBERT-MNLI-Variant),Uniqueness,JointPairUCB
4,19,23,19.0,0.9001527123282079,0.05014010779537309,0.23630292234501357,0.9158539686319782,Parametric Divergence (DistilBERT-MNLI-Variant),Uniqueness,JointPairUCB
4,20,23,20.0,0.9788395508771187,0.020479623973342975,0.32632510449431357,0.9788395508771187,Parametric Divergence (DistilBERT-MNLI-Variant),Uniqueness,JointPairUCB
4,21,23,21.0,0.007787448151832391,0.024938363775034812,0.5249458365796184,0.9788395508771187,Parametric Divergence (DistilBERT-MNLI-Variant),Uniqueness,JointPairUCB
4,22,23,22.0,0.674016335442313,0.07268773910015722,0.41530595576906704,0.9788395508771187,Parametric Divergence (DistilBERT-MNLI-Variant),Uniqueness,JointPairUCB
4,23,23,23.0,0.00781654953514059,0.047236888943606635,0.33253774499553845,0.9788395508771187,Parametric Divergence (DistilBERT-MNLI-Variant),Uniqueness,JointPairUCB
4,24,23,24.0,0.8654377681327362,0.0898722961221248,0.42574987340972736,0.9788395508771187,Parametric Divergence (DistilBERT-MNLI-Variant),Uniqueness,JointPairUCB
4,25,23,25.0,0.9185000855581928,0.0794434236052288,0.411727430609708,0.9788395508771187,Parametric Divergence (DistilBERT-MNLI-Variant),Uniqueness,JointPairUCB
4,26,23,26.0,0.3924371462713394,0.0,0.2612860679101681,0.9788395508771187,Parametric Divergence (DistilBERT-MNLI-Variant),Uniqueness,JointPairUCB
4,27,23,27.0,0.05181293446415148,0.05021138319521423,0.38619936689817896,0.9788395508771187,Parametric Divergence (DistilBERT-MNLI-Variant),Uniqueness,JointPairUCB
4,28,23,28.0,0.6681889183175402,0.051399407222241324,0.42883123320955957,0.9788395508771187,Parametric Divergence (DistilBERT-MNLI-Variant),Uniqueness,JointPairUCB
4,29,23,29.0,0.1685585294726344,0.029399486569709605,0.4188383540310259,0.9788395508771187,Parametric Divergence (DistilBERT-MNLI-Variant),Uniqueness,JointPairUCB
4,30,23,30.0,0.4259882645641927,0.021000682658848698,0.20083110255676234,0.9788395508771187,Parametric Divergence (DistilBERT-MNLI-Variant),Uniqueness,JointPairUCB
4,31,23,31.0,0.850371238693275,0.011827244877047454,0.26721456747900635,0.9788395508771187,Parametric Divergence (DistilBERT-MNLI-Variant),Uniqueness,JointPairUCB
4,32,23,32.0,0.24398276832233762,0.09197337667484752,0.35410158870895875,0.9788395508771187,Parametric Divergence (DistilBERT-MNLI-Variant),Uniqueness,JointPairUCB
4,33,23,33.0,0.7076067842928819,0.07003248444103154,0.5414795904823025,0.9788395508771187,Parametric Divergence (DistilBERT-MNLI-Variant),Uniqueness,JointPairUCB
4,34,23,34.0,0.7322311428724821,0.046799165034605225,0.2242043884016809,0.9788395508771187,Parametric Divergence (DistilBERT-MNLI-Variant),Uniqueness,JointPairUCB
4,35,23,35.0,0.8253827871860475,0.050277276896550774,0.29876295927681057,0.9788395508771187,Parametric Divergence (DistilBERT-MNLI-Variant),Uniqueness,JointPairUCB
4,36,23,6.0,0.003900058339416394,0.04524886609966618,0.33002149919227397,0.9788395508771187,Parametric Divergence (DistilBERT-MNLI-Variant),Uniqueness,JointPairUCB
4,37,23,16.0,0.28125234335808763,0.04889878648047305,0.4008636033892937,0.9788395508771187,Parametric Divergence (DistilBERT-MNLI-Variant),Uniqueness,JointPairUCB
4,38,23,36.0,0.28986047427366396,0.03094209701861733,0.5054041138809907,0.9788395508771187,Parametric Divergence (DistilBERT-MNLI-Variant),Uniqueness,JointPairUCB
4,39,23,32.0,0.24398276832233762,0.0077714816729476666,0.46886486737652255,0.9788395508771187,Parametric Divergence (DistilBERT-MNLI-Variant),Uniqueness,JointPairUCB
4,40,23,24.0,0.8654377681327362,0.01612602854302255,0.3295658285654598,0.9788395508771187,Parametric Divergence (DistilBERT-MNLI-Variant),Uniqueness,JointPairUCB
4,41,23,4.0,0.05032189546554275,0.03803381913524545,0.38036916115623476,0.9788395508771187,Parametric Divergence (DistilBERT-MNLI-Variant),Uniqueness,JointPairUCB
4,42,23,25.0,0.9185000855581928,0.039543093003684956,0.19013277262736844,0.9788395508771187,Parametric Divergence (DistilBERT-MNLI-Variant),Uniqueness,JointPairUCB
4,43,23,18.0,0.898625300819427,0.07679593069033505,0.38320605875745917,0.9788395508771187,Parametric Divergence (DistilBERT-MNLI-Variant),Uniqueness,JointPairUCB
4,44,23,17.0,0.7952629391198719,0.04768587492544627,0.3598609482495927,0.9788395508771187,Parametric Divergence (DistilBERT-MNLI-Variant),Uniqueness,JointPairUCB
4,45,23,22.0,0.674016335442313,0.031900254747186586,0.4263641648753129,0.9788395508771187,Parametric Divergence (DistilBERT-MNLI-Variant),Uniqueness,JointPairUCB
4,46,23,33.0,0.7076067842928819,0.07213764879463629,0.3737489919016138,0.9788395508771187,Parametric Divergence (DistilBERT-MNLI-Variant),Uniqueness,JointPairUCB
4,47,23,1.0,0.008086731659903014,0.03582119942970351,0.27122210188103124,0.9788395508771187,Parametric Divergence (DistilBERT-MNLI-Variant),Uniqueness,JointPairUCB
4,48,23,28.0,0.6681889183175402,0.11697213173835679,0.36095582948628047,0.9788395508771187,Parametric Divergence (DistilBERT-MNLI-Variant),Uniqueness,JointPairUCB
4,49,23,35.0,0.8253827871860475,0.046453446290451804,0.2418983455189319,0.9788395508771187,Parametric Divergence (DistilBERT-MNLI-Variant),Uniqueness,JointPairUCB
4,50,23,27.0,0.05181293446415148,0.06997567828303354,0.3811810068117034,0.9788395508771187,Parametric Divergence (DistilBERT-MNLI-Variant),Uniqueness,JointPairUCB
4,51,23,19.0,0.9001527123282079,0.06384727105158008,0.3835933792662263,0.9788395508771187,Parametric Divergence (DistilBERT-MNLI-Variant),Uniqueness,JointPairUCB
4,52,23,23.0,0.00781654953514059,0.05034824716147771,0.39186773188612534,0.9788395508771187,Parametric Divergence (DistilBERT-MNLI-Variant),Uniqueness,JointPairUCB
4,53,23,34.0,0.7322311428724821,0.045706382473375426,0.39758697760979234,0.9788395508771187,Parametric Divergence (DistilBERT-MNLI-Variant),Uniqueness,JointPairUCB
4,54,23,13.0,0.7612034824945152,0.026111212145043094,0.5327750596262979,0.9788395508771187,Parametric Divergence (DistilBERT-MNLI-Variant),Uniqueness,JointPairUCB
4,55,23,11.0,0.5640320102684327,0.03388034338076625,0.35632551702296766,0.9788395508771187,Parametric Divergence (DistilBERT-MNLI-Variant),Uniqueness,JointPairUCB
4,56,23,7.0,0.07963025178791917,0.01887309163438425,0.2966002700130431,0.9788395508771187,Parametric Divergence (DistilBERT-MNLI-Variant),Uniqueness,JointPairUCB
4,57,23,14.0,0.8962289735953971,0.0,0.31307384389335874,0.9788395508771187,Parametric Divergence (DistilBERT-MNLI-Variant),Uniqueness,JointPairUCB
4,58,23,36.0,0.28986047427366396,0.07286442446401047,0.5205014080317605,0.9788395508771187,Parametric Divergence (DistilBERT-MNLI-Variant),Uniqueness,JointPairUCB
4,59,23,2.0,0.7442602866182582,0.012716621429052898,0.25703568295672163,0.9788395508771187,Parametric Divergence (DistilBERT-MNLI-Variant),Uniqueness,JointPairUCB
4,60,23,29.0,0.1685585294726344,0.01262887735265109,0.3893719534947925,0.9788395508771187,Parametric Divergence (DistilBERT-MNLI-Variant),Uniqueness,JointPairUCB
4,61,23,5.0,0.0019358355251906639,0.026724126709593076,0.22087949587649844,0.9788395508771187,Parametric Divergence (DistilBERT-MNLI-Variant),Uniqueness,JointPairUCB
4,62,23,21.0,0.007787448151832391,0.04038329976608319,0.3542354483570857,0.9788395508771187,Parametric Divergence (DistilBERT-MNLI-Variant),Uniqueness,JointPairUCB
4,63,23,9.0,0.6538939306164443,0.0,0.29019191880010514,0.9788395508771187,Parametric Divergence (DistilBERT-MNLI-Variant),Uniqueness,JointPairUCB
4,64,23,30.0,0.4259882645641927,0.021000682658848698,0.2793259397616842,0.9788395508771187,Parametric Divergence (DistilBERT-MNLI-Variant),Uniqueness,JointPairUCB
4,65,23,20.0,0.9788395508771187,0.0463742402606236,0.44544357753338026,0.9788395508771187,Parametric Divergence (DistilBERT-MNLI-Variant),Uniqueness,JointPairUCB
4,66,23,31.0,0.850371238693275,0.07466219251578454,0.5702971652041915,0.9788395508771187,Parametric Divergence (DistilBERT-MNLI-Variant),Uniqueness,JointPairUCB
4,67,23,15.0,0.9158539686319782,0.045818906388760725,0.403239082915474,0.9788395508771187,Parametric Divergence (DistilBERT-MNLI-Variant),Uniqueness,JointPairUCB
4,68,23,10.0,0.797762960617766,0.04877781174627471,0.48223027291786735,0.9788395508771187,Parametric Divergence (DistilBERT-MNLI-Variant),Uniqueness,JointPairUCB
4,69,23,3.0,0.9139264267484292,0.07575079807942743,0.5576161789636895,0.9788395508771187,Parametric Divergence (DistilBERT-MNLI-Variant),Uniqueness,JointPairUCB
4,70,23,8.0,0.10110874765301454,0.04034172125252509,0.39572473585014867,0.9788395508771187,Parametric Divergence (DistilBERT-MNLI-Variant),Uniqueness,JointPairUCB
4,71,23,12.0,0.7670457388842343,0.06938638852091913,0.32160850647357464,0.9788395508771187,Parametric Divergence (DistilBERT-MNLI-Variant),Uniqueness,JointPairUCB
4,72,23,26.0,0.3924371462713394,0.02039043617286244,0.3072038838477105,0.9788395508771187,Parametric Divergence (DistilBERT-MNLI-Variant),Uniqueness,JointPairUCB
4,73,23,37.0,0.12579871619144747,0.0,0.25937694126718175,0.9788395508771187,Parametric Divergence (DistilBERT-MNLI-Variant),Uniqueness,JointPairUCB
4,74,23,37.0,0.12579871619144747,0.0992826345834538,0.5546617587841317,0.9788395508771187,Parametric Divergence (DistilBERT-MNLI-Variant),Uniqueness,JointPairUCB
4,75,23,38.0,0.8122245658942883,0.05996204744084009,0.5370458819804514,0.9788395508771187,Parametric Divergence (DistilBERT-MNLI-Variant),Uniqueness,JointPairUCB
4,76,23,38.0,0.8122245658942883,0.00867610506002916,0.34601722820522346,0.9788395508771187,Parametric Divergence (DistilBERT-MNLI-Variant),Uniqueness,JointPairUCB
4,77,23,39.0,0.9617053964867338,0.018853610561328848,0.26165968068508405,0.9788395508771187,Parametric Divergence (DistilBERT-MNLI-Variant),Uniqueness,JointPairUCB
4,78,23,39.0,0.9617053964867338,0.021513601065626237,0.4370171649356093,0.9788395508771187,Parametric Divergence (DistilBERT-MNLI-Variant),Uniqueness,JointPairUCB
4,79,32,1.0,0.17997509947436516,0.018388624993933327,0.3893480845416359,0.9788395508771187,Parametric Divergence (DistilBERT-MNLI-Variant),Uniqueness,JointPairUCB
4,80,32,1.0,0.17997509947436516,0.02234792980899346,0.3851684292655242,0.9788395508771187,Parametric Divergence (DistilBERT-MNLI-Variant),Uniqueness,JointPairUCB
4,81,32,2.0,0.5462980556178189,0.04052991273547848,0.34264035309752333,0.9788395508771187,Parametric Divergence (DistilBERT-MNLI-Variant),Uniqueness,JointPairUCB
4,82,32,2.0,0.5462980556178189,0.021419574630816528,0.23786785740411953,0.9788395508771187,Parametric Divergence (DistilBERT-MNLI-Variant),Uniqueness,JointPairUCB
4,83,32,3.0,0.5950376125431669,0.061630897528645756,0.5975598030820619,0.9788395508771187,Parametric Divergence (DistilBERT-MNLI-Variant),Uniqueness,JointPairUCB
4,84,32,3.0,0.5950376125431669,0.04777300832829904,0.517668668336599,0.9788395508771187,Parametric Divergence (DistilBERT-MNLI-Variant),Uniqueness,JointPairUCB
4,85,32,4.0,0.3007779629317003,0.0304365800413273,0.443985290729534,0.9788395508771187,Parametric Divergence (DistilBERT-MNLI-Variant),Uniqueness,JointPairUCB
4,86,32,4.0,0.3007779629317003,0.0003313398672728174,0.28518390343122985,0.9788395508771187,Parametric Divergence (DistilBERT-MNLI-Variant),Uniqueness,JointPairUCB
4,87,32,5.0,0.8657866037897597,0.13076485809192273,0.45469237014114416,0.9788395508771187,Parametric Divergence (DistilBERT-MNLI-Variant),Uniqueness,JointPairUCB
4,88,32,5.0,0.8657866037897597,0.09654896263354519,0.29130184199297876,0.9788395508771187,Parametric Divergence (DistilBERT-MNLI-Variant),Uniqueness,JointPairUCB
4,89,32,6.0,0.7025862761820759,0.018402879659578607,0.27659819586205875,0.9788395508771187,Parametric Divergence (DistilBERT-MNLI-Variant),Uniqueness,JointPairUCB
4,90,32,6.0,0.7025862761820759,0.12786075669610228,0.5747239130397552,0.9788395508771187,Parametric Divergence (DistilBERT-MNLI-Variant),Uniqueness,JointPairUCB
4,91,32,7.0,0.38158408667623356,0.01887309163438425,0.23382991926184005,0.9788395508771187,Parametric Divergence (DistilBERT-MNLI-Variant),Uniqueness,JointPairUCB
4,92,32,7.0,0.38158408667623356,0.02029491682784817,0.27127268379033587,0.9788395508771187,Parametric Divergence (DistilBERT-MNLI-Variant),Uniqueness,JointPairUCB
4,93,32,8.0,0.6148516458005168,0.04034172125252509,0.370977581232334,0.9788395508771187,Parametric Divergence (DistilBERT-MNLI-Variant),Uniqueness,JointPairUCB
4,94,32,8.0,0.6148516458005168,0.04034172125252509,0.22825648071005808,0.9788395508771187,Parametric Divergence (DistilBERT-MNLI-Variant),Uniqueness,JointPairUCB
4,95,32,9.0,0.45500379630217674,0.0022163903833083863,0.3308373982231113,0.9788395508771187,Parametric Divergence (DistilBERT-MNLI-Variant),Uniqueness,JointPairUCB
4,96,32,9.0,0.45500379630217674,0.023982817042150516,0.28255575576387093,0.9788395508771187,Parametric Divergence (DistilBERT-MNLI-Variant),Uniqueness,JointPairUCB
4,97,32,10.0,0.7864611467506794,0.06563440464794021,0.46800544084675605,0.9788395508771187,Parametric Divergence (DistilBERT-MNLI-Variant),Uniqueness,JointPairUCB
4,98,32,10.0,0.7864611467506794,0.020774568218985733,0.47307094604683203,0.9788395508771187,Parametric Divergence (DistilBERT-MNLI-Variant),Uniqueness,JointPairUCB
4,99,32,11.0,0.8353530463109557,0.06583666071267714,0.3733069901866015,0.9788395508771187,Parametric Divergence (DistilBERT-MNLI-Variant),Uniqueness,JointPairUCB
4,100,32,11.0,0.8353530463109557,0.0644634749276978,0.3151834698934476,0.9788395508771187,Parametric Divergence (DistilBERT-MNLI-Variant),Uniqueness,JointPairUCB
4,101,32,12.0,0.46616574083037715,0.08377657607140496,0.37330131939111244,0.9788395508771187,Parametric Divergence (DistilBERT-MNLI-Variant),Uniqueness,JointPairUCB
4,102,32,12.0,0.46616574083037715,0.020833543951166916,0.26039155840069955,0.9788395508771187,Parametric Divergence (DistilBERT-MNLI-Variant),Uniqueness,JointPairUCB
4,103,32,13.0,0.6678841504870145,0.026111212145043094,0.47782850034963725,0.9788395508771187,Parametric Divergence (DistilBERT-MNLI-Variant),Uniqueness,JointPairUCB
4,104,32,13.0,0.6678841504870145,0.05059627555852728,0.3784582614949747,0.9788395508771187,Parametric Divergence (DistilBERT-MNLI-Variant),Uniqueness,JointPairUCB
4,105,32,14.0,0.7882521709434043,0.048947129736651475,0.4036982846599102,0.9788395508771187,Parametric Divergence (DistilBERT-MNLI-Variant),Uniqueness,JointPairUCB
4,106,32,14.0,0.7882521709434043,0.0008979435412651005,0.3384782770630419,0.9788395508771187,Parametric Divergence (DistilBERT-MNLI-Variant),Uniqueness,JointPairUCB
4,107,32,15.0,0.8396461095553611,0.07849709771945404,0.3519568452891399,0.9788395508771187,Parametric Divergence (DistilBERT-MNLI-Variant),Uniqueness,JointPairUCB
4,108,32,15.0,0.8396461095553611,0.038459635652481616,0.4437894041644208,0.9788395508771187,Parametric Divergence (DistilBERT-MNLI-Variant),Uniqueness,JointPairUCB
4,109,32,16.0,0.7831131185594914,0.021995389412607518,0.34217135602119175,0.9788395508771187,Parametric Divergence (DistilBERT-MNLI-Variant),Uniqueness,JointPairUCB
4,110,32,16.0,0.7831131185594914,0.03092927717871354,0.3019386998995405,0.9788395508771187,Parametric Divergence (DistilBERT-MNLI-Variant),Uniqueness,JointPairUCB
4,111,32,17.0,0.47384989916688786,0.04026541719678879,0.31193561414436266,0.9788395508771187,Parametric Divergence (DistilBERT-MNLI-Variant),Uniqueness,JointPairUCB
4,112,32,17.0,0.47384989916688786,0.12954828593256526,0.5711443933648218,0.9788395508771187,Parametric Divergence (DistilBERT-MNLI-Variant),Uniqueness,JointPairUCB
4,113,32,18.0,0.595130601983462,0.04885314458628246,0.2937124436359175,0.9788395508771187,Parametric Divergence (DistilBERT-MNLI-Variant),Uniqueness,JointPairUCB
4,114,32,18.0,0.595130601983462,0.02806645165146948,0.19445083736546614,0.9788395508771187,Parametric Divergence (DistilBERT-MNLI-Variant),Uniqueness,JointPairUCB
4,115,32,19.0,0.7534608148050683,0.05014010779537309,0.24069883433138747,0.9788395508771187,Parametric Divergence (DistilBERT-MNLI-Variant),Uniqueness,JointPairUCB
4,116,32,19.0,0.7534608148050683,0.01370716325620699,0.3824582315706892,0.9788395508771187,Parametric Divergence (DistilBERT-MNLI-Variant),Uniqueness,JointPairUCB
4,117,32,20.0,0.5432825035560989,0.011684807290365574,0.5054079338204938,0.9788395508771187,Parametric Divergence (DistilBERT-MNLI-Variant),Uniqueness,JointPairUCB
4,118,32,20.0,0.5432825035560989,0.014623161788825789,0.3438022998741571,0.9788395508771187,Parametric Divergence (DistilBERT-MNLI-Variant),Uniqueness,JointPairUCB
4,119,32,21.0,0.8381288656108331,0.09041836168078515,0.4060862710607257,0.9788395508771187,Parametric Divergence (DistilBERT-MNLI-Variant),Uniqueness,JointPairUCB
4,120,32,21.0,0.8381288656108331,0.09403748419640492,0.3610173073796106,0.9788395508771187,Parametric Divergence (DistilBERT-MNLI-Variant),Uniqueness,JointPairUCB
4,121,32,22.0,0.7818243344703542,0.022644151826727833,0.3383806010611238,0.9788395508771187,Parametric Divergence (DistilBERT-MNLI-Variant),Uniqueness,JointPairUCB
4,122,32,22.0,0.7818243344703542,0.04078748435297064,0.4254757331742571,0.9788395508771187,Parametric Divergence (DistilBERT-MNLI-Variant),Uniqueness,JointPairUCB
4,123,32,23.0,0.8386452516415148,0.028202022450513377,0.30064872786968116,0.9788395508771187,Parametric Divergence (DistilBERT-MNLI-Variant),Uniqueness,JointPairUCB
4,124,32,23.0,0.8386452516415148,0.09823588412759472,0.2552985245894922,0.9788395508771187,Parametric Divergence (DistilBERT-MNLI-Variant),Uniqueness,JointPairUCB
4,125,32,24.0,0.47591420082432295,0.0,0.31705498545905203,0.9788395508771187,Parametric Divergence (DistilBERT-MNLI-Variant),Uniqueness,JointPairUCB
4,126,32,24.0,0.47591420082432295,0.04038072270999542,0.31786911585129796,0.9788395508771187,Parametric Divergence (DistilBERT-MNLI-Variant),Uniqueness,JointPairUCB
4,127,32,25.0,0.3409987806215005,0.04436648398198192,0.40467650936214816,0.9788395508771187,Parametric Divergence (DistilBERT-MNLI-Variant),Uniqueness,JointPairUCB
4,128,32,25.0,0.3409987806215005,0.039543093003684956,0.31276383275171,0.9788395508771187,Parametric Divergence (DistilBERT-MNLI-Variant),Uniqueness,JointPairUCB
4,129,32,26.0,0.39462011212735026,0.04740669476132519,0.340470609540216,0.9788395508771187,Parametric Divergence (DistilBERT-MNLI-Variant),Uniqueness,JointPairUCB
4,130,32,26.0,0.39462011212735026,0.08118822563249538,0.3625670356253185,0.9788395508771187,Parametric Divergence (DistilBERT-MNLI-Variant),Uniqueness,JointPairUCB
4,131,32,27.0,0.8753410779114555,0.08337971151689588,0.2907378870532617,0.9788395508771187,Parametric Divergence (DistilBERT-MNLI-Variant),Uniqueness,JointPairUCB
4,132,32,27.0,0.8753410779114555,0.09074632329631883,0.2430152841272566,0.9788395508771187,Parametric Divergence (DistilBERT-MNLI-Variant),Uniqueness,JointPairUCB
4,133,32,28.0,0.8654302508572084,0.08996119816392043,0.3218489682092498,0.9788395508771187,Parametric Divergence (DistilBERT-MNLI-Variant),Uniqueness,JointPairUCB
4,134,32,28.0,0.8654302508572084,0.03948698349816715,0.1303310327543305,0.9788395508771187,Parametric Divergence (DistilBERT-MNLI-Variant),Uniqueness,JointPairUCB
4,135,32,29.0,0.5336412562848446,0.0474851511750226,0.3441046988781321,0.9788395508771187,Parametric Divergence (DistilBERT-MNLI-Variant),Uniqueness,JointPairUCB
4,136,32,29.0,0.5336412562848446,0.00019145129982905962,0.36253317630161186,0.9788395508771187,Parametric Divergence (DistilBERT-MNLI-Variant),Uniqueness,JointPairUCB
4,137,32,30.0,0.08207695772372925,0.09156352656890761,0.3141014321331713,0.9788395508771187,Parametric Divergence (DistilBERT-MNLI-Variant),Uniqueness,JointPairUCB
4,138,32,30.0,0.08207695772372925,0.024111453427523834,0.28070493201394203,0.9788395508771187,Parametric Divergence (DistilBERT-MNLI-Variant),Uniqueness,JointPairUCB
4,139,32,31.0,0.512746689945951,0.09213754334440952,0.5213625734189948,0.9788395508771187,Parametric Divergence (DistilBERT-MNLI-Variant),Uniqueness,JointPairUCB
4,140,32,31.0,0.512746689945951,0.027117314234521385,0.45972316166427396,0.9788395508771187,Parametric Divergence (DistilBERT-MNLI-Variant),Uniqueness,JointPairUCB
4,141,32,32.0,0.5129110236707098,0.07138666192336318,0.43454702085146363,0.9788395508771187,Parametric Divergence (DistilBERT-MNLI-Variant),Uniqueness,JointPairUCB
4,142,32,32.0,0.5129110236707098,0.1257520714815238,0.471616244281477,0.9788395508771187,Parametric Divergence (DistilBERT-MNLI-Variant),Uniqueness,JointPairUCB
4,143,32,33.0,0.8865597137791043,0.09886304565852,0.4271369309698789,0.9788395508771187,Parametric Divergence (DistilBERT-MNLI-Variant),Uniqueness,JointPairUCB
4,144,32,33.0,0.8865597137791043,0.11141357856173255,0.4196614892167406,0.9788395508771187,Parametric Divergence (DistilBERT-MNLI-Variant),Uniqueness,JointPairUCB
4,145,32,34.0,0.821396261586394,0.06426915389736519,0.23056400807208063,0.9788395508771187,Parametric Divergence (DistilBERT-MNLI-Variant),Uniqueness,JointPairUCB
4,146,32,34.0,0.821396261586394,0.06110757310979056,0.2100893258413256,0.9788395508771187,Parametric Divergence (DistilBERT-MNLI-Variant),Uniqueness,JointPairUCB
4,147,32,35.0,0.6677504628322544,0.0,0.12992470302713113,0.9788395508771187,Parametric Divergence (DistilBERT-MNLI-Variant),Uniqueness,JointPairUCB
4,148,32,35.0,0.6677504628322544,0.04404752247105416,0.45121829524841733,0.9788395508771187,Parametric Divergence (DistilBERT-MNLI-Variant),Uniqueness,JointPairUCB
4,149,32,36.0,0.75941730735317,0.015842942533339864,0.4046785906818081,0.9788395508771187,Parametric Divergence (DistilBERT-MNLI-Variant),Uniqueness,JointPairUCB
4,150,32,36.0,0.75941730735317,0.041951491336793933,0.3363840990238274,0.9788395508771187,Parametric Divergence (DistilBERT-MNLI-Variant),Uniqueness,JointPairUCB
4,151,32,37.0,0.659874422609349,0.12401135469376598,0.5646653877408923,0.9788395508771187,Parametric Divergence (DistilBERT-MNLI-Variant),Uniqueness,JointPairUCB
4,152,32,37.0,0.659874422609349,0.168264559844613,0.6302248439437677,0.9788395508771187,Parametric Divergence (DistilBERT-MNLI-Variant),Uniqueness,JointPairUCB
4,153,32,38.0,0.7175499108283754,0.04602906321836816,0.4301292792667649,0.9788395508771187,Parametric Divergence (DistilBERT-MNLI-Variant),Uniqueness,JointPairUCB
4,154,32,38.0,0.7175499108283754,0.05262623018712861,0.25505331669759446,0.9788395508771187,Parametric Divergence (DistilBERT-MNLI-Variant),Uniqueness,JointPairUCB
4,155,32,39.0,0.7028101556895969,0.018853610561328848,0.29199425582763044,0.9788395508771187,Parametric Divergence (DistilBERT-MNLI-Variant),Uniqueness,JointPairUCB
4,156,32,39.0,0.7028101556895969,0.040176158985196546,0.3945581738525827,0.9788395508771187,Parametric Divergence (DistilBERT-MNLI-Variant),Uniqueness,JointPairUCB
4,157,32,37.0,0.659874422609349,0.07383877135677064,0.29939948220286017,0.9788395508771187,Parametric Divergence (DistilBERT-MNLI-Variant),Uniqueness,JointPairUCB
4,158,10,1.0,0.764587546396649,0.08659273329256391,0.20779519812112385,0.9788395508771187,Parametric Divergence (DistilBERT-MNLI-Variant),Uniqueness,JointPairUCB
4,159,10,1.0,0.764587546396649,0.08293947006536669,0.3651164711909264,0.9788395508771187,Parametric Divergence (DistilBERT-MNLI-Variant),Uniqueness,JointPairUCB
4,160,32,5.0,0.8657866037897597,0.06638928667403589,0.31517269867507847,0.9788395508771187,Parametric Divergence (DistilBERT-MNLI-Variant),Uniqueness,JointPairUCB
4,161,10,2.0,0.6989867224572957,0.049169797338577716,0.2643633167299778,0.9788395508771187,Parametric Divergence (DistilBERT-MNLI-Variant),Uniqueness,JointPairUCB
4,162,10,2.0,0.6989867224572957,0.04046684413681408,0.4078326130108184,0.9788395508771187,Parametric Divergence (DistilBERT-MNLI-Variant),Uniqueness,JointPairUCB
4,163,10,3.0,0.6146331303264103,0.031014341006151292,0.28830196077135833,0.9788395508771187,Parametric Divergence (DistilBERT-MNLI-Variant),Uniqueness,JointPairUCB
4,164,10,3.0,0.6146331303264103,0.009081260739894736,0.40918931970669126,0.9788395508771187,Parametric Divergence (DistilBERT-MNLI-Variant),Uniqueness,JointPairUCB
4,165,10,4.0,0.6807004096222758,0.024912154628018733,0.21064716176515805,0.9788395508771187,Parametric Divergence (DistilBERT-MNLI-Variant),Uniqueness,JointPairUCB
4,166,10,4.0,0.6807004096222758,0.0016566993363641425,0.15028516884134518,0.9788395508771187,Parametric Divergence (DistilBERT-MNLI-Variant),Uniqueness,JointPairUCB
4,167,10,5.0,0.5813858541277723,0.07230860341077541,0.5776984330862509,0.9788395508771187,Parametric Divergence (DistilBERT-MNLI-Variant),Uniqueness,JointPairUCB
4,168,10,5.0,0.5813858541277723,0.05688380266910238,0.2773430403916387,0.9788395508771187,Parametric Divergence (DistilBERT-MNLI-Variant),Uniqueness,JointPairUCB
4,169,32,33.0,0.8865597137791043,0.08294366709777384,0.449807655855386,0.9788395508771187,Parametric Divergence (DistilBERT-MNLI-Variant),Uniqueness,JointPairUCB
4,170,10,6.0,0.63247076182405,0.06393672831943917,0.5499272719297208,0.9788395508771187,Parametric Divergence (DistilBERT-MNLI-Variant),Uniqueness,JointPairUCB
4,171,10,6.0,0.63247076182405,0.07391290311478627,0.5411166157869733,0.9788395508771187,Parametric Divergence (DistilBERT-MNLI-Variant),Uniqueness,JointPairUCB
4,172,10,7.0,0.8193471099814952,0.15507265171142365,0.39230263780281016,0.9788395508771187,Parametric Divergence (DistilBERT-MNLI-Variant),Uniqueness,JointPairUCB
4,173,10,7.0,0.8193471099814952,0.07098004951597381,0.17659669066867828,0.9788395508771187,Parametric Divergence (DistilBERT-MNLI-Variant),Uniqueness,JointPairUCB
4,174,10,7.0,0.8193471099814952,0.09184426642545382,0.2619632444425377,0.9788395508771187,Parametric Divergence (DistilBERT-MNLI-Variant),Uniqueness,JointPairUCB
4,175,32,32.0,0.5129110236707098,0.06400197015296882,0.3525336514466412,0.9788395508771187,Parametric Divergence (DistilBERT-MNLI-Variant),Uniqueness,JointPairUCB
4,176,10,8.0,0.5996015634613521,0.04339183574108263,0.2496655617002263,0.9788395508771187,Parametric Divergence (DistilBERT-MNLI-Variant),Uniqueness,JointPairUCB
4,177,10,8.0,0.5996015634613521,0.0,0.11231894606873591,0.9788395508771187,Parametric Divergence (DistilBERT-MNLI-Variant),Uniqueness,JointPairUCB
4,178,10,9.0,0.6712718446550081,0.026199207425458903,0.333728102232426,0.9788395508771187,Parametric Divergence (DistilBERT-MNLI-Variant),Uniqueness,JointPairUCB
4,179,10,9.0,0.6712718446550081,0.03133452619774019,0.3321854722742804,0.9788395508771187,Parametric Divergence (DistilBERT-MNLI-Variant),Uniqueness,JointPairUCB
4,180,10,10.0,0.5221808516265771,0.04961283828865496,0.3123006227041677,0.9788395508771187,Parametric Divergence (DistilBERT-MNLI-Variant),Uniqueness,JointPairUCB
4,181,10,10.0,0.5221808516265771,0.06563197320303757,0.49756426082522537,0.9788395508771187,Parametric Divergence (DistilBERT-MNLI-Variant),Uniqueness,JointPairUCB
4,182,32,21.0,0.8381288656108331,0.09124006161502259,0.4549581910056104,0.9788395508771187,Parametric Divergence (DistilBERT-MNLI-Variant),Uniqueness,JointPairUCB
4,183,10,11.0,0.5272323048505843,0.031010022711703666,0.26816657534177485,0.9788395508771187,Parametric Divergence (DistilBERT-MNLI-Variant),Uniqueness,JointPairUCB
4,184,10,11.0,0.5272323048505843,0.004921450415865547,0.35706507671544596,0.9788395508771187,Parametric Divergence (DistilBERT-MNLI-Variant),Uniqueness,JointPairUCB
4,185,10,12.0,0.5505639936517381,0.02328715596991665,0.31615016974027804,0.9788395508771187,Parametric Divergence (DistilBERT-MNLI-Variant),Uniqueness,JointPairUCB
4,186,10,12.0,0.5505639936517381,0.0,0.2054825173638813,0.9788395508771187,Parametric Divergence (DistilBERT-MNLI-Variant),Uniqueness,JointPairUCB
4,187,10,13.0,0.6047252607844407,0.051977083659155154,0.6157767384036213,0.9788395508771187,Parametric Divergence (DistilBERT-MNLI-Variant),Uniqueness,JointPairUCB
4,188,10,13.0,0.6047252607844407,0.051428000143272,0.41783972463984487,0.9788395508771187,Parametric Divergence (DistilBERT-MNLI-Variant),Uniqueness,JointPairUCB
4,189,32,27.0,0.8753410779114555,0.044442397025290736,0.13075870408015383,0.9788395508771187,Parametric Divergence (DistilBERT-MNLI-Variant),Uniqueness,JointPairUCB
4,190,10,14.0,0.5977584961746352,0.0001795887082530201,0.37963393008304724,0.9788395508771187,Parametric Divergence (DistilBERT-MNLI-Variant),Uniqueness,JointPairUCB
4,191,10,14.0,0.5977584961746352,0.03358652005541359,0.3891486238846053,0.9788395508771187,Parametric Divergence (DistilBERT-MNLI-Variant),Uniqueness,JointPairUCB
4,192,32,17.0,0.47384989916688786,0.055350201285957044,0.48896163393203224,0.9788395508771187,Parametric Divergence (DistilBERT-MNLI-Variant),Uniqueness,JointPairUCB
4,193,10,1.0,0.764587546396649,0.09354303694588666,0.23287236065374137,0.9788395508771187,Parametric Divergence (DistilBERT-MNLI-Variant),Uniqueness,JointPairUCB
4,194,23,28.0,0.6681889183175402,0.051116362146877016,0.2509071563191009,0.9788395508771187,Parametric Divergence (DistilBERT-MNLI-Variant),Uniqueness,JointPairUCB
4,195,10,15.0,0.6531260766392953,0.061873539610533004,0.44923328239476545,0.9788395508771187,Parametric Divergence (DistilBERT-MNLI-Variant),Uniqueness,JointPairUCB
4,196,10,15.0,0.6531260766392953,0.011864722805238093,0.39630751762083294,0.9788395508771187,Parametric Divergence (DistilBERT-MNLI-Variant),Uniqueness,JointPairUCB
4,197,10,16.0,0.44685427943510536,0.0,0.20158119830339719,0.9788395508771187,Parametric Divergence (DistilBERT-MNLI-Variant),Uniqueness,JointPairUCB
4,198,10,16.0,0.44685427943510536,0.10915424095523618,0.3995504600859487,0.9788395508771187,Parametric Divergence (DistilBERT-MNLI-Variant),Uniqueness,JointPairUCB
4,199,23,16.0,0.28125234335808763,0.003827775591539456,0.4068372064356449,0.9788395508771187,Parametric Divergence (DistilBERT-MNLI-Variant),Uniqueness,JointPairUCB
4,200,23,6.0,0.003900058339416394,0.06449399349705187,0.5051614316281748,0.9788395508771187,Parametric Divergence (DistilBERT-MNLI-Variant),Uniqueness,JointPairUCB
